{"('EfficientNetV2M', 0.001, 'focal_loss_fixed', 'CAM')": {"loss": [0.6200761198997498, 0.5586218237876892, 0.5870303511619568, 0.47846540808677673, 0.5344491600990295, 0.487443745136261, 0.4109247922897339], "auc": [0.6027565002441406, 0.6366368532180786, 0.5925012826919556, 0.6409962773323059, 0.6342877149581909, 0.5876440405845642, 0.6179542541503906], "val_loss": [0.23955082893371582, 0.5733711123466492, 0.5975871682167053, 0.3212793171405792, 0.12956222891807556, 0.2959500253200531, 0.20134922862052917], "val_auc": [0.6828374862670898, 0.6968135237693787, 0.6960147023200989, 0.6729108691215515, 0.5032507181167603, 0.6890082359313965, 0.5451056361198425], "lr": [0.0010000000474974513, 0.0010000000474974513, 0.0010000000474974513, 0.0010000000474974513, 0.0010000000474974513, 0.0010000000474974513, 0.0010000000474974513]}, "('EfficientNetV2M', 0.001, 'focal_loss_fixed', 'Standard')": {"loss": [0.28864768147468567, 0.2030966579914093, 0.18535007536411285, 0.1688929945230484, 0.13744688034057617, 0.13528631627559662, 0.1314537078142166, 0.11483198404312134, 0.09502502530813217, 0.10178962349891663, 0.09849777072668076, 0.09692596644163132, 0.08908041566610336, 0.09674467891454697, 0.0949212983250618], "auc": [0.548277735710144, 0.609417736530304, 0.6117214560508728, 0.601475715637207, 0.6273820400238037, 0.6220415830612183, 0.5979727506637573, 0.6162727475166321, 0.6385564804077148, 0.6304091811180115, 0.6220437288284302, 0.6206405162811279, 0.6416679620742798, 0.6333073973655701, 0.6308638453483582], "val_loss": [0.32864776253700256, 0.37697160243988037, 0.2065477818250656, 0.15066030621528625, 0.11284444481134415, 0.07746396213769913, 0.07948905229568481, 0.0947965458035469, 0.06764356791973114, 0.06556293368339539, 0.06496015191078186, 0.06431237608194351, 0.06334494054317474, 0.0629090815782547, 0.06286982446908951], "val_auc": [0.6754453182220459, 0.6858494281768799, 0.6689623594284058, 0.6628099083900452, 0.6203489303588867, 0.6966850161552429, 0.6771625280380249, 0.6907162070274353, 0.6974654793739319, 0.6999449133872986, 0.6892378926277161, 0.6899908781051636, 0.6937557458877563, 0.6928925514221191, 0.6922130584716797], "lr": [0.0010000000474974513, 0.0010000000474974513, 0.0010000000474974513, 0.0010000000474974513, 0.0010000000474974513, 0.0010000000474974513, 0.0010000000474974513, 0.0010000000474974513, 0.00010000000474974513, 0.00010000000474974513, 0.00010000000474974513, 1.0000000656873453e-05, 1.0000000656873453e-05, 1.0000000656873453e-05, 1.0000001111620804e-06]}, "('EfficientNetV2M', 0.001, 'weighted_cross_entropy_with_logits', 'CAM')": {"loss": [1.017525315284729, 1.009384036064148, 1.009384036064148, 1.009384274482727, 1.0093841552734375, 1.009384036064148], "auc": [0.6947125196456909, 0.700782299041748, 0.700782299041748, 0.700782299041748, 0.700782299041748, 0.700782299041748], "val_loss": [1.0419917106628418, 1.0419917106628418, 1.0419917106628418, 1.0419917106628418, 1.0419917106628418, 1.0419917106628418], "val_auc": [0.6590908765792847, 0.6590908765792847, 0.6590908765792847, 0.6590908765792847, 0.6590908765792847, 0.6590908765792847], "lr": [0.0010000000474974513, 0.0010000000474974513, 0.0010000000474974513, 0.0010000000474974513, 0.00010000000474974513, 0.00010000000474974513]}, "('EfficientNetV2M', 0.001, 'weighted_cross_entropy_with_logits', 'Standard')": {"loss": [1.0960397720336914, 1.0788986682891846, 1.0508984327316284, 1.0278730392456055, 1.0217407941818237, 1.0121495723724365, 1.0217416286468506, 1.0178762674331665], "auc": [0.6041809916496277, 0.6263740062713623, 0.687347948551178, 0.7135340571403503, 0.7229962944984436, 0.7288054823875427, 0.7126442193984985, 0.7190089225769043], "val_loss": [1.0515503883361816, 1.0433975458145142, 1.0381864309310913, 1.0418643951416016, 1.0418649911880493, 1.041908621788025, 1.041290283203125, 1.0413928031921387], "val_auc": [0.6548300385475159, 0.6930119395256042, 0.7110376954078674, 0.6792745590209961, 0.6879430413246155, 0.6927547454833984, 0.697217583656311, 0.6939669251441956], "lr": [0.0010000000474974513, 0.0010000000474974513, 0.0010000000474974513, 0.0010000000474974513, 0.00010000000474974513, 0.00010000000474974513, 0.00010000000474974513, 1.0000000656873453e-05]}, "('EfficientNetV2M', 0.001, 'ext_weighted_cross_entropy_with_logits', 'CAM')": {"loss": [3.5763087272644043, 3.3366682529449463, 3.0393173694610596, 3.1718733310699463, 3.084381580352783, 3.0258212089538574, 2.5720436573028564, 2.6600759029388428, 2.6056370735168457, 2.6269044876098633, 2.5047810077667236], "auc": [0.5436949133872986, 0.5514203310012817, 0.5655897259712219, 0.5615000128746033, 0.565691351890564, 0.5267173647880554, 0.5533819198608398, 0.5326009392738342, 0.5536288022994995, 0.5332600474357605, 0.5515933036804199], "val_loss": [3.262610673904419, 3.356248617172241, 2.1883130073547363, 1.7379196882247925, 1.7286518812179565, 1.6557972431182861, 1.4244917631149292, 1.4390289783477783, 1.3778992891311646, 1.3601627349853516, 1.3536481857299805], "val_auc": [0.6943985223770142, 0.7014508247375488, 0.5459319949150085, 0.7041873931884766, 0.5785031914710999, 0.7128649950027466, 0.712020218372345, 0.6686961054801941, 0.6327640414237976, 0.6432507038116455, 0.6876859068870544], "lr": [0.0010000000474974513, 0.0010000000474974513, 0.0010000000474974513, 0.0010000000474974513, 0.0010000000474974513, 0.0010000000474974513, 0.00010000000474974513, 0.00010000000474974513, 0.00010000000474974513, 1.0000000656873453e-05, 1.0000000656873453e-05]}, "('EfficientNetV2M', 0.001, 'ext_weighted_cross_entropy_with_logits', 'Standard')": {"loss": [2.1374988555908203, 2.065714120864868, 1.9100525379180908, 1.7663607597351074, 1.7500478029251099, 1.7205184698104858, 1.736506700515747, 1.627211093902588, 1.5955616235733032, 1.4966708421707153, 1.5993503332138062, 1.6063497066497803, 1.596343994140625], "auc": [0.5300306677818298, 0.506385862827301, 0.5430222749710083, 0.5655005574226379, 0.5721052885055542, 0.5639405846595764, 0.5475587248802185, 0.5557953119277954, 0.5711491107940674, 0.5931655764579773, 0.581670343875885, 0.5672135353088379, 0.5662838220596313], "val_loss": [8.376232147216797, 3.354079484939575, 2.616942882537842, 1.7375038862228394, 1.783160924911499, 1.4176688194274902, 1.5665066242218018, 1.3509224653244019, 1.3687983751296997, 1.338179588317871, 1.3385530710220337, 1.3412632942199707, 1.3400834798812866], "val_auc": [0.6590908765792847, 0.6800734400749207, 0.6830303072929382, 0.5529659986495972, 0.6305877566337585, 0.6340955495834351, 0.6366941928863525, 0.6835353374481201, 0.6722589731216431, 0.662874162197113, 0.6690725684165955, 0.6678329110145569, 0.6640128493309021], "lr": [0.0010000000474974513, 0.0010000000474974513, 0.0010000000474974513, 0.0010000000474974513, 0.0010000000474974513, 0.0010000000474974513, 0.0010000000474974513, 0.00010000000474974513, 0.00010000000474974513, 0.00010000000474974513, 1.0000000656873453e-05, 1.0000000656873453e-05, 1.0000000656873453e-05]}, "('EfficientNetV2M', 0.01, 'focal_loss_fixed', 'CAM')": {"loss": [2.1258809566497803, 2.1259500980377197, 2.1259500980377197, 2.125950574874878, 2.125950336456299, 2.1259498596191406], "auc": [0.6976320147514343, 0.700782299041748, 0.700782299041748, 0.700782299041748, 0.700782299041748, 0.700782299041748], "val_loss": [2.4221677780151367, 2.4221677780151367, 2.4221677780151367, 2.4221677780151367, 2.4221677780151367, 2.4221677780151367], "val_auc": [0.6590908765792847, 0.6590908765792847, 0.6590908765792847, 0.6590908765792847, 0.6590908765792847, 0.6590908765792847], "lr": [0.009999999776482582, 0.009999999776482582, 0.009999999776482582, 0.009999999776482582, 0.0009999999310821295, 0.0009999999310821295]}, "('EfficientNetV2M', 0.01, 'focal_loss_fixed', 'Standard')": {"loss": [0.48855865001678467, 0.4389116168022156, 0.29320910573005676, 0.23534438014030457, 0.29219889640808105, 0.17389704287052155, 0.1418561190366745, 0.12933030724525452],