{"('ResNet50', 0.001, 'focal_loss_fixed', 'CAM')": {"loss": [0.659896194934845, 0.6510688662528992, 0.5864859223365784, 0.5696329474449158, 0.45448756217956543, 0.4212759733200073, 0.4541887640953064, 0.4483209550380707, 0.41199979186058044, 0.46483588218688965, 0.4098950922489166, 0.43466925621032715, 0.4526798129081726, 0.45128709077835083, 0.4311264455318451], "auc": [0.5984992384910583, 0.6149616837501526, 0.5897071957588196, 0.5906144976615906, 0.610066294670105, 0.6416714191436768, 0.6005921959877014, 0.6375288963317871, 0.641900897026062, 0.6186180710792542, 0.6391186714172363, 0.6229994297027588, 0.628772497177124, 0.6065662503242493, 0.6267212629318237], "val_loss": [0.27501505613327026, 0.37584081292152405, 0.1116286963224411, 0.10575348883867264, 0.18168441951274872, 0.24934202432632446, 0.24367418885231018, 0.21066591143608093, 0.185715451836586, 0.17331872880458832, 0.1693665236234665, 0.16696913540363312, 0.16820812225341797, 0.16796351969242096, 0.16755765676498413], "val_auc": [0.684646487236023, 0.6902111768722534, 0.6924701929092407, 0.711368203163147, 0.715840220451355, 0.7079614400863647, 0.7207438349723816, 0.7304591536521912, 0.736225962638855, 0.7401837706565857, 0.7396418452262878, 0.7399541735649109, 0.7399632930755615, 0.7399357557296753, 0.7395684123039246], "lr": [0.0010000000474974513, 0.0010000000474974513, 0.0010000000474974513, 0.0010000000474974513, 0.00010000000474974513, 0.00010000000474974513, 0.00010000000474974513, 1.0000000656873453e-05, 1.0000000656873453e-05, 1.0000000656873453e-05, 1.0000001111620804e-06, 1.0000001111620804e-06, 1.0000001111620804e-06, 1.000000082740371e-07, 1.000000082740371e-07]}, "('ResNet50', 0.001, 'focal_loss_fixed', 'Standard')": {"loss": [0.2788437604904175, 0.20872977375984192, 0.18407846987247467, 0.14263510704040527, 0.12454291433095932, 0.11770936101675034, 0.11319614201784134, 0.11734459549188614, 0.11268429458141327, 0.11308327317237854, 0.10187908262014389, 0.11963600665330887, 0.10475365817546844, 0.11690700054168701, 0.11849752068519592, 0.12228930741548538, 0.11548836529254913, 0.11378811299800873, 0.11726364493370056, 0.11276227980852127, 0.11013859510421753], "auc": [0.6256346702575684, 0.679601788520813, 0.6886576414108276, 0.701096773147583, 0.7242278456687927, 0.7220290303230286, 0.768779456615448, 0.7476873993873596, 0.7477680444717407, 0.7364292144775391, 0.7773373126983643, 0.7372357845306396, 0.7690837383270264, 0.7280384302139282, 0.741976797580719, 0.7248427271842957, 0.7415437698364258, 0.7471685409545898, 0.7424523234367371, 0.742395281791687, 0.7598544359207153], "val_loss": [0.21314842998981476, 0.230937659740448, 0.7602512240409851, 0.22035007178783417, 0.1585337072610855, 0.13317056000232697, 0.12739911675453186, 0.0877179205417633, 0.07273700833320618, 0.07051767408847809, 0.06603128463029861, 0.06334413588047028, 0.06317116320133209, 0.0623246505856514, 0.06300773471593857, 0.06248549744486809, 0.0627414733171463, 0.062151648104190826, 0.06223978102207184, 0.0621454119682312, 0.06283919513225555], "val_auc": [0.694003701210022, 0.7058310508728027, 0.695904552936554, 0.6989990472793579, 0.7278144955635071, 0.7481451034545898, 0.7612029910087585, 0.7810468673706055, 0.7922038435935974, 0.7943985462188721, 0.796198308467865, 0.7984021902084351, 0.7978420853614807, 0.7982460856437683, 0.7975574135780334, 0.798980712890625, 0.7988796830177307, 0.7972452640533447, 0.7970156669616699, 0.7975390553474426, 0.7964187860488892], "lr": [0.0010000000474974513, 0.0010000000474974513, 0.0010000000474974513, 0.0010000000474974513, 0.00010000000474974513, 0.00010000000474974513, 0.00010000000474974513, 1.0000000656873453e-05, 1.0000000656873453e-05, 1.0000000656873453e-05, 1.0000001111620804e-06, 1.0000001111620804e-06, 1.0000001111620804e-06, 1.000000082740371e-07, 1.000000082740371e-07, 1.000000082740371e-07, 1.000000082740371e-08, 1.000000082740371e-08, 1.000000082740371e-08, 1.000000082740371e-09, 1.000000082740371e-09]}, "('ResNet50', 0.001, 'weighted_cross_entropy_with_logits', 'CAM')": {"loss": [1.0158964395523071, 1.0093841552734375, 1.0093836784362793, 1.009384274482727, 1.0093843936920166, 1.009383201599121], "auc": [0.6982248425483704, 0.700782299041748, 0.700782299041748, 0.700782299041748, 0.700782299041748, 0.700782299041748], "val_loss": [1.0419917106628418, 1.0419917106628418, 1.0419917106628418, 1.0419917106628418, 1.0419917106628418, 1.0419917106628418], "val_auc": [0.6590908765792847, 0.6590908765792847, 0.6590908765792847, 0.6590908765792847, 0.6590908765792847, 0.6590908765792847], "lr": [0.0010000000474974513, 0.0010000000474974513, 0.0010000000474974513, 0.0010000000474974513, 0.00010000000474974513, 0.00010000000474974513]}, "('ResNet50', 0.001, 'weighted_cross_entropy_with_logits', 'Standard')": {"loss": [1.0642142295837402, 1.0079445838928223, 1.0018545389175415, 0.9857891798019409, 0.9775229692459106, 0.9658635258674622, 0.9514948725700378, 0.9500713348388672, 0.9439053535461426, 0.9467490911483765, 0.9532496333122253, 0.9419254064559937, 0.9482299089431763, 0.9444115161895752, 0.9495670795440674, 0.9433750510215759, 0.9443516135215759, 0.949172854423523, 0.950311005115509, 0.9462845921516418, 0.9471337795257568, 0.9506004452705383, 0.9466262459754944, 0.9446313381195068, 0.9490945339202881, 0.9506601691246033, 0.9524507522583008, 0.9565661549568176, 0.9415321350097656], "auc": [0.6621158719062805, 0.7425010800361633, 0.7692354321479797, 0.7747402787208557, 0.7931764125823975, 0.8088503479957581, 0.8244994878768921, 0.8254033923149109, 0.8373996019363403, 0.8328521251678467, 0.8331449627876282, 0.8401623368263245, 0.8310167193412781, 0.8335418105125427, 0.830474853515625, 0.8309632539749146, 0.8362530469894409, 0.8294283151626587, 0.8299088478088379, 0.8292837738990784, 0.8297919631004333, 0.8258071541786194, 0.8306346535682678, 0.8306389451026917, 0.8353067636489868, 0.8224690556526184, 0.8253638744354248, 0.825939416885376, 0.836767315864563], "val_loss": [1.0418037176132202, 1.0419917106628418, 1.0419917106628418, 1.0419917106628418, 1.019298791885376, 1.024063229560852, 1.0104224681854248, 1.0141595602035522, 1.0020354986190796, 0.9874569773674011, 0.9882928133010864, 0.992448091506958, 0.9915419220924377, 0.9908238053321838, 0.9905437231063843, 0.9907090663909912, 0.9908178448677063, 0.9909203052520752, 0.9906391501426697, 0.9905064702033997, 0.9904928207397461, 0.990779459476471, 0.9904075860977173, 0.98992919921875, 0.9909718632698059, 0.9905420541763306, 0.990369975566864, 0.9905773997306824, 0.9901005625724792], "val_auc": [0.666391134262085, 0.6590908765792847, 0.6590908765792847, 0.6590908765792847, 0.6999265551567078, 0.6879615187644958, 0.7202755212783813, 0.7033241391181946, 0.7453351616859436, 0.768383800983429, 0.7632230520248413, 0.7768686413764954, 0.7844903469085693, 0.7826262712478638, 0.784545361995697, 0.7861431241035461, 0.7840402722358704, 0.783333420753479, 0.7839852571487427, 0.7866758108139038, 0.7838107943534851, 0.7838107347488403, 0.7849035859107971, 0.7911938428878784, 0.7864553928375244, 0.784159779548645, 0.7865104675292969, 0.7863084673881531, 0.7891736626625061], "lr": [0.0010000000474974513, 0.0010000000474974513, 0.0010000000474974513, 0.0010000000474974513, 0.0010000000474974513, 0.00010000000474974513, 0.00010000000474974513, 0.00010000000474974513, 1.0000000656873453e-05, 1.0000000656873453e-05, 1.0000000656873453e-05, 1.0000001111620804e-06, 1.0000001111620804e-06, 1.0000001111620804e-06, 1.000000082740371e-07, 1.000000082740371e-07, 1.000000082740371e-07, 1.000000082740371e-08, 1.000000082740371e-08, 1.000000082740371e-08, 1.000000082740371e-09, 1.000000082740371e-09, 1.000000082740371e-09, 1.000000082740371e-10, 1.000000082740371e-10, 1.000000082740371e-10, 1.000000082740371e-11, 1.000000082740371e-11, 1.000000082740371e-11]},