Method,Pixel Accuracy,IoU,Mean IoU,Precision,Mean Precision,Recall,Mean Recall,F1-Score,Dice Coefficient,Mean Dice Coefficient,Hausdorff Distance,Mean Hausdorff Distance,NO_cells,VJI
2D_5_6_45_M_AD,0.8598766233766234,0.6963580270799841,0.4260081188217122,0.9586473083703001,0.6327861915230099,0.7179233307946179,0.5949038759920595,0.8210036041491264,0.8210036041491263,0.5429760523668099,14.035668847618199,10.130523801404415,181,0.36978774059424907
2D_5_6_45_M_BI,0.8502305194805195,0.672040354201252,0.44922769470922913,0.9713353542619328,0.7130634118136023,0.6856381242519857,0.5827405882126394,0.8038566204609235,0.8038566204609235,0.5693116994600466,13.038404810405298,9.464204728370213,209,0.35226562379306114
2D_5_6_45_M_AD_BI,0.8594285714285714,0.6964506686764937,0.4421561014756081,0.9542044493967571,0.6870117544880144,0.7205345809306205,0.6062957650548974,0.8210679880480556,0.8210679880480557,0.5627930841229172,10.198039027185569,9.504254250558272,211,0.3377949573202482
2D_5_6_45_M_EQ_AD_BI,0.8124350649350649,0.5908118598688218,0.36269017034601947,0.9617544304673178,0.6251479983316262,0.605026656511805,0.49177659353742464,0.7427803057962368,0.7427803057962368,0.4775583695198937,17.69180601295413,10.749163107860118,172,0.31265671080708357
