{"('DenseNet121', 0.001, 'focal_loss_fixed', 'CAM')": {"loss": [0.07201196253299713, 0.04330720752477646, 0.03946654871106148, 0.03449816629290581, 0.03488032519817352, 0.02710818126797676, 0.031032701954245567, 0.021139279007911682, 0.018388187512755394, 0.01730717159807682, 0.016275858506560326, 0.016168279573321342, 0.01612342894077301, 0.01598348468542099, 0.01597532071173191, 0.01596853882074356, 0.015954045578837395, 0.015952998772263527], "auc": [0.7447262406349182, 0.8655223250389099, 0.8949711918830872, 0.9204056262969971, 0.9203895330429077, 0.9545389413833618, 0.9381817579269409, 0.9792720675468445, 0.9851016998291016, 0.9867806434631348, 0.9890287518501282, 0.9898616671562195, 0.9894669055938721, 0.9898977875709534, 0.9898629784584045, 0.9898790717124939, 0.9898973703384399, 0.9899004101753235], "val_loss": [0.05650791898369789, 0.05115658789873123, 0.05325983092188835, 0.05977097153663635, 0.04638203606009483, 0.050303708761930466, 0.046115342527627945, 0.04511984437704086, 0.04421786218881607, 0.045878104865550995, 0.045231014490127563, 0.04506824165582657, 0.044984761625528336, 0.04500437527894974, 0.04505982995033264, 0.04506368190050125, 0.045061513781547546, 0.04506125673651695], "val_auc": [0.7783562541007996, 0.7973645329475403, 0.8011478185653687, 0.7425711154937744, 0.8548485040664673, 0.8603306412696838, 0.8577043414115906, 0.8745086789131165, 0.8797703981399536, 0.879366397857666, 0.8802937865257263, 0.8801378607749939, 0.8809090852737427, 0.8806060552597046, 0.8806886672973633, 0.880798876285553, 0.8807896971702576, 0.8807896971702576], "lr": [0.0010000000474974513, 0.0010000000474974513, 0.0010000000474974513, 0.0010000000474974513, 0.0010000000474974513, 0.0010000000474974513, 0.0010000000474974513, 0.00010000000474974513, 0.00010000000474974513, 0.00010000000474974513, 1.0000000656873453e-05, 1.0000000656873453e-05, 1.0000000656873453e-05, 1.0000001111620804e-06, 1.0000001111620804e-06, 1.0000001111620804e-06, 1.000000082740371e-07, 1.000000082740371e-07]}, "('DenseNet121', 0.001, 'focal_loss_fixed', 'Standard')": {"loss": [0.3008921444416046, 0.17961382865905762, 0.14405696094036102, 0.13363784551620483, 0.09824992716312408, 0.09763363003730774, 0.07539928704500198, 0.08574613183736801, 0.10103868693113327, 0.09009881317615509, 0.09320887923240662, 0.0879940316081047, 0.0822882279753685, 0.07504516839981079, 0.08627954870462418, 0.08716609328985214, 0.08005078881978989, 0.07914670556783676, 0.09258903563022614], "auc": [0.6005343794822693, 0.7414425015449524, 0.7989529371261597, 0.7928106188774109, 0.820594072341919, 0.8285430073738098, 0.862032949924469, 0.8509971499443054, 0.832056999206543, 0.845054030418396, 0.8469148874282837, 0.8517063856124878, 0.8572571873664856, 0.868374228477478, 0.8495662808418274, 0.8498772978782654, 0.8637948632240295, 0.8615570068359375, 0.8426780700683594], "val_loss": [0.2221709042787552, 0.15096303820610046, 0.23732125759124756, 0.12290818989276886, 0.09053891152143478, 0.09001726657152176, 0.08424506336450577, 0.08154074102640152, 0.08015412092208862, 0.07760202884674072, 0.07959645241498947, 0.0780106857419014, 0.07824267446994781, 0.0774809867143631, 0.07889612019062042, 0.07855026423931122, 0.07907802611589432, 0.08033471554517746, 0.07934808731079102], "val_auc": [0.60028475522995, 0.7373828291893005, 0.7044719457626343, 0.7847017049789429, 0.814609706401825, 0.8049678206443787, 0.806391179561615, 0.8119008541107178, 0.8163360953330994, 0.8162258267402649, 0.8156840801239014, 0.8159228563308716, 0.8162534832954407, 0.8164554238319397, 0.815932035446167, 0.8160514831542969, 0.8161065578460693, 0.8153994083404541, 0.816005527973175], "lr": [0.0010000000474974513, 0.0010000000474974513, 0.0010000000474974513, 0.0010000000474974513, 0.00010000000474974513, 0.00010000000474974513, 0.00010000000474974513, 1.0000000656873453e-05, 1.0000000656873453e-05, 1.0000000656873453e-05, 1.0000001111620804e-06, 1.0000001111620804e-06, 1.0000001111620804e-06, 1.000000082740371e-07, 1.000000082740371e-07, 1.000000082740371e-07, 1.000000082740371e-08, 1.000000082740371e-08, 1.000000082740371e-08]}, "('DenseNet121', 0.001, 'weighted_cross_entropy_with_logits', 'CAM')": {"loss": [1.0112714767456055, 1.0093839168548584, 1.009384036064148, 1.0093837976455688, 1.0093837976455688, 1.0093837976455688], "auc": [0.700674831867218, 0.700782299041748, 0.700782299041748, 0.700782299041748, 0.700782299041748, 0.700782299041748], "val_loss": [1.0419917106628418, 1.0419917106628418, 1.0419917106628418, 1.0419917106628418, 1.0419917106628418, 1.0419917106628418], "val_auc": [0.6590908765792847, 0.6590908765792847, 0.6590908765792847, 0.6590908765792847, 0.6590908765792847, 0.6590908765792847], "lr": [0.0010000000474974513, 0.0010000000474974513, 0.0010000000474974513, 0.0010000000474974513, 0.00010000000474974513, 0.00010000000474974513]}, "('DenseNet121', 0.001, 'weighted_cross_entropy_with_logits', 'Standard')": {"loss": [1.0585848093032837, 1.0066843032836914, 0.9843884706497192, 0.9612403512001038, 0.9313240647315979, 0.9302279949188232, 0.9220044612884521, 0.9134467244148254, 0.9141446352005005, 0.9128738045692444, 0.9105960130691528, 0.9176372289657593, 0.9133204221725464, 0.9120408892631531, 0.9099843502044678, 0.9098569750785828, 0.914277970790863, 0.9182825088500977, 0.907512903213501, 0.9163549542427063], "auc": [0.6740806102752686, 0.7540019154548645, 0.7925799489021301, 0.8140518665313721, 0.853081464767456, 0.8633536696434021, 0.8769784569740295, 0.8853130340576172, 0.8795362114906311, 0.8820610642433167, 0.8915541172027588, 0.8764438033103943, 0.8871890306472778, 0.8837276697158813, 0.8840862512588501, 0.8836524486541748, 0.882389485836029, 0.8825250267982483, 0.8928239345550537, 0.8813597559928894], "val_loss": [1.064421534538269, 1.048609733581543, 1.0363950729370117, 0.972279965877533, 0.9748779535293579, 0.9724152684211731, 0.9674038887023926, 0.967619001865387, 0.9677152037620544, 0.9675782322883606, 0.9668588638305664, 0.966835081577301, 0.9674097895622253, 0.9667490720748901, 0.9667819142341614, 0.9671849012374878, 0.9668671488761902, 0.9675061702728271, 0.9674533605575562, 0.9672330021858215], "val_auc": [0.6512304544448853, 0.6851239204406738, 0.7207529544830322, 0.7845637202262878, 0.8003856539726257, 0.7999908328056335, 0.8051974773406982, 0.8096786737442017, 0.811120331287384, 0.8116437196731567, 0.8126629590988159, 0.8122680187225342, 0.8120753169059753, 0.812313973903656, 0.8134528398513794, 0.812396764755249, 0.8110561370849609, 0.8117263913154602, 0.8113315105438232, 0.8119834661483765], "lr": [0.0010000000474974513, 0.0010000000474974513, 0.0010000000474974513, 0.0010000000474974513, 0.00010000000474974513, 0.00010000000474974513, 0.00010000000474974513, 1.0000000656873453e-05, 1.0000000656873453e-05, 1.0000000656873453e-05, 1.0000001111620804e-06, 1.0000001111620804e-06, 1.0000001111620804e-06, 1.000000082740371e-07, 1.000000082740371e-07, 1.000000082740371e-07, 1.000000082740371e-08, 1.000000082740371e-08, 1.000000082740371e-08, 1.000000082740371e-09]}, "('DenseNet121', 0.01, 'focal_loss_fixed', 'CAM')": {"loss": [2.112908363342285, 2.1259496212005615, 2.1259500980377197, 2.1259500980377197, 2.125950336456299, 2.1259500980377197], "auc": [0.6995486617088318, 0.700782299041748, 0.700782299041748, 0.700782299041748, 0.700782299041748, 0.700782299041748], "val_loss": [2.4221677780151367, 2.4221677780151367, 2.4221677780151367, 2.4221677780151367, 2.4221677780151367, 2.4221677780151367], "val_auc": [0.6590908765792847, 0.6590908765792847, 0.6590908765792847, 0.6590908765792847, 0.6590908765792847, 0.6590908765792847], "lr": [0.009999999776482582, 0.009999999776482582, 0.009999999776482582, 0.009999999776482582, 0.0009999999310821295, 0.0009999999310821295]},