{"('EfficientNetV2M', 0.001, 'focal_loss_fixed', 'CAM')": {"loss": [0.8352349400520325, 0.4674866795539856, 0.37418505549430847, 0.3630306124687195, 0.34897223114967346, 0.3490135073661804, 0.3493207097053528, 0.3476758599281311, 0.34757348895072937, 0.34772953391075134, 0.34749889373779297, 0.347492516040802, 0.347463995218277, 0.34745141863822937, 0.3474523425102234], "auc": [0.6287746429443359, 0.653319239616394, 0.6487342715263367, 0.6690852642059326, 0.706561803817749, 0.7076177597045898, 0.7053663730621338, 0.7142671346664429, 0.7144345641136169, 0.713385283946991, 0.7160137295722961, 0.7156699299812317, 0.7162075042724609, 0.7162649035453796, 0.7160477638244629], "val_loss": [1.0174118280410767, 0.38039231300354004, 0.38277101516723633, 0.3888408839702606, 0.3777046799659729, 0.3775193989276886, 0.37755581736564636, 0.377940833568573, 0.3777342140674591, 0.3774060904979706, 0.377443790435791, 0.37748983502388, 0.3774372637271881, 0.3774505853652954, 0.377453476190567], "val_auc": [0.48682278394699097, 0.6455647349357605, 0.6118824481964111, 0.4982277452945709, 0.6828650236129761, 0.682635486125946, 0.6779246926307678, 0.6822130084037781, 0.6832965612411499, 0.6837740540504456, 0.682819128036499, 0.68271803855896, 0.6828007698059082, 0.682121217250824, 0.6824058294296265], "lr": [0.0010000000474974513, 0.0010000000474974513, 0.0010000000474974513, 0.0010000000474974513, 0.00010000000474974513, 0.00010000000474974513, 0.00010000000474974513, 1.0000000656873453e-05, 1.0000000656873453e-05, 1.0000000656873453e-05, 1.0000001111620804e-06, 1.0000001111620804e-06, 1.0000001111620804e-06, 1.000000082740371e-07, 1.000000082740371e-07]}, "('EfficientNetV2M', 0.001, 'focal_loss_fixed', 'Standard')": {"loss": [0.2583191692829132, 0.20051507651805878, 0.1739591658115387, 0.15885163843631744, 0.15469346940517426, 0.159555122256279, 0.13521675765514374, 0.1443682163953781, 0.14845523238182068, 0.14401982724666595, 0.14414581656455994, 0.13044491410255432, 0.14118561148643494, 0.1476951390504837, 0.12903466820716858, 0.14284376800060272], "auc": [0.5328295230865479, 0.6025469303131104, 0.6229454874992371, 0.6247146129608154, 0.6123300194740295, 0.5954020619392395, 0.6253771185874939, 0.6270591020584106, 0.6211220622062683, 0.6210595369338989, 0.6160692572593689, 0.6377987861633301, 0.6286893486976624, 0.6058191657066345, 0.649080216884613, 0.6032060980796814], "val_loss": [1.221538782119751, 0.34967026114463806, 0.4033045470714569, 0.15394453704357147, 0.1000359058380127, 0.08395955711603165, 0.06742782145738602, 0.06831704080104828, 0.06759725511074066, 0.06795254349708557, 0.06807434558868408, 0.06791968643665314, 0.06777454167604446, 0.06749539077281952, 0.0688706636428833, 0.068608857691288], "val_auc": [0.6590908765792847, 0.6758677959442139, 0.6839209794998169, 0.6972911357879639, 0.6720660924911499, 0.6827824115753174, 0.7043434977531433, 0.7010468244552612, 0.7067768573760986, 0.7083103656768799, 0.7086501121520996, 0.7068135738372803, 0.7044628262519836, 0.7052617073059082, 0.7003398537635803, 0.7073370814323425], "lr": [0.0010000000474974513, 0.0010000000474974513, 0.0010000000474974513, 0.0010000000474974513, 0.00010000000474974513, 0.00010000000474974513, 0.00010000000474974513, 1.0000000656873453e-05, 1.0000000656873453e-05, 1.0000000656873453e-05, 1.0000001111620804e-06, 1.0000001111620804e-06, 1.0000001111620804e-06, 1.000000082740371e-07, 1.000000082740371e-07, 1.000000082740371e-07]}, "('EfficientNetV2M', 0.001, 'weighted_cross_entropy_with_logits', 'CAM')": {"loss": [1.0523589849472046, 1.0093841552734375, 1.009384274482727, 1.009384274482727, 1.0093839168548584, 1.0093839168548584], "auc": [0.6500056982040405, 0.700782299041748, 0.700782299041748, 0.700782299041748, 0.700782299041748, 0.700782299041748], "val_loss": [1.0419917106628418, 1.0419917106628418, 1.0419917106628418, 1.0419917106628418, 1.0419917106628418, 1.0419917106628418], "val_auc": [0.6590908765792847, 0.6590908765792847, 0.6590908765792847, 0.6590908765792847, 0.6590908765792847, 0.6590908765792847], "lr": [0.0010000000474974513, 0.0010000000474974513, 0.0010000000474974513, 0.0010000000474974513, 0.00010000000474974513, 0.00010000000474974513]}, "('EfficientNetV2M', 0.001, 'weighted_cross_entropy_with_logits', 'Standard')": {"loss": [1.0991084575653076, 1.090691328048706, 1.0826658010482788, 1.0700454711914062, 1.073594093322754, 1.0615112781524658, 1.0376540422439575, 1.0201072692871094, 1.0127464532852173, 1.0104444026947021, 1.009896993637085, 1.0127769708633423, 1.0092116594314575, 1.0114712715148926, 1.0130095481872559, 1.0101990699768066, 1.0098155736923218, 1.0121113061904907, 1.010072112083435, 1.0104589462280273], "auc": [0.590111255645752, 0.5977869629859924, 0.6114073991775513, 0.6369425058364868, 0.6268274784088135, 0.6480221152305603, 0.675835371017456, 0.6956857442855835, 0.7097548842430115, 0.7088892459869385, 0.7120236754417419, 0.7092682719230652, 0.7143418788909912, 0.7069607377052307, 0.7115657329559326, 0.7148230075836182, 0.7190155982971191, 0.7075858116149902, 0.7098178267478943, 0.7112970352172852], "val_loss": [1.0954160690307617, 1.0943238735198975, 1.2220799922943115, 1.2106081247329712, 1.2096588611602783, 1.0966089963912964, 1.042012095451355, 1.0419880151748657, 1.0419819355010986, 1.04196298122406, 1.0419554710388184, 1.041927695274353, 1.041914939880371, 1.0419042110443115, 1.0418956279754639, 1.0418952703475952, 1.0418906211853027, 1.0418974161148071, 1.0418950319290161, 1.0418919324874878], "val_auc": [0.5831587910652161, 0.5961340665817261, 0.4100275933742523, 0.45448118448257446, 0.36030304431915283, 0.6126630902290344, 0.6590908765792847, 0.6590908765792847, 0.6590908765792847, 0.6584022045135498, 0.6592286229133606, 0.6633608341217041, 0.663452684879303, 0.6614141464233398, 0.6641321778297424, 0.663452684879303, 0.663452684879303, 0.6635904312133789, 0.663452684879303, 0.6627731323242188], "lr": [0.0010000000474974513, 0.0010000000474974513, 0.0010000000474974513, 0.0010000000474974513, 0.0010000000474974513, 0.0010000000474974513, 0.0010000000474974513, 0.0010000000474974513, 0.00010000000474974513, 0.00010000000474974513, 0.00010000000474974513, 1.0000000656873453e-05, 1.0000000656873453e-05, 1.0000000656873453e-05, 1.0000001111620804e-06, 1.0000001111620804e-06, 1.0000001111620804e-06, 1.000000082740371e-07, 1.000000082740371e-07, 1.000000082740371e-07]}, "('EfficientNetV2M', 0.01, 'focal_loss_fixed', 'CAM')": {"loss": [2.107203722000122, 2.1259500980377197, 2.1259500980377197, 2.125950574874878, 2.125950336456299, 2.1259500980377197], "auc": [0.7005447149276733, 0.700782299041748, 0.700782299041748, 0.700782299041748, 0.700782299041748, 0.700782299041748], "val_loss": [2.4221677780151367, 2.4221677780151367, 2.4221677780151367, 2.4221677780151367, 2.4221677780151367, 2.4221677780151367], "val_auc": [0.6590908765792847, 0.6590908765792847, 0.6590908765792847, 0.6590908765792847, 0.6590908765792847, 0.6590908765792847], "lr": [0.009999999776482582, 0.009999999776482582, 0.009999999776482582, 0.009999999776482582, 0.0009999999310821295, 0.0009999999310821295]}, "('EfficientNetV2M', 0.01, 'focal_loss_fixed', 'Standard')": {"loss": [0.40196800231933594, 0.40098023414611816, 0.3243340253829956, 0.23566082119941711, 0.1571148931980133, 0.13735005259513855, 0.13711552321910858, 0.12088067084550858, 0.11407484859228134, 0.12114571034908295, 0.12029553204774857, 0.10860604047775269, 0.1187136247754097, 0.12277871370315552, 0.11696498095989227, 0.11827598512172699, 0.12617383897304535, 0.11624052375555038], "auc": [0.6080111265182495, 0.5891789793968201, 0.5969595909118652, 0.6393915414810181, 0.6213757395744324, 0.6310418844223022, 0.6124082207679749, 0.627845823764801, 0.6565396785736084, 0.6210603713989258, 0.6248468160629272, 0.6582984924316406, 0.621670663356781, 0.6315807104110718, 0.6308990716934204, 0.6296769380569458, 0.6121681332588196, 0.6318149566650391],