{"('EfficientNetV2L', 0.001, 'focal_loss_fixed', 'CAM')": {"loss": [2.0483176708221436, 2.1259500980377197, 2.1259498596191406, 2.125950336456299, 2.125950336456299, 2.125950574874878], "auc": [0.6924780607223511, 0.700782299041748, 0.700782299041748, 0.700782299041748, 0.700782299041748, 0.700782299041748], "val_loss": [2.4221677780151367, 2.4221677780151367, 2.4221677780151367, 2.4221677780151367, 2.4221677780151367, 2.4221677780151367], "val_auc": [0.6590908765792847, 0.6590908765792847, 0.6590908765792847, 0.6590908765792847, 0.6590908765792847, 0.6590908765792847], "lr": [0.0010000000474974513, 0.0010000000474974513, 0.0010000000474974513, 0.0010000000474974513, 0.00010000000474974513, 0.00010000000474974513]}, "('EfficientNetV2L', 0.001, 'focal_loss_fixed', 'Standard')": {"loss": [0.27503126859664917, 0.2206467241048813, 0.1723533570766449, 0.1680017113685608, 0.13888853788375854, 0.130137100815773, 0.136122927069664, 0.13569751381874084, 0.1280384361743927, 0.13662239909172058, 0.13293220102787018, 0.13053718209266663, 0.12609535455703735, 0.12588496506214142], "auc": [0.5547741055488586, 0.5851014256477356, 0.636099636554718, 0.6185539364814758, 0.6022927761077881, 0.6410569548606873, 0.6023643016815186, 0.6100679636001587, 0.6258077025413513, 0.6163820028305054, 0.6144905090332031, 0.6266298890113831, 0.6392359137535095, 0.6264314651489258], "val_loss": [0.33189064264297485, 0.2565377354621887, 0.32085829973220825, 0.07439754158258438, 0.07547707110643387, 0.06537134200334549, 0.07237023115158081, 0.06932304054498672, 0.06757417321205139, 0.06608489900827408, 0.06740561127662659, 0.06767331063747406, 0.06778838485479355, 0.06828213483095169], "val_auc": [0.5632873773574829, 0.6559228301048279, 0.6838291883468628, 0.608852207660675, 0.6268227696418762, 0.696776807308197, 0.7071073651313782, 0.71051424741745, 0.7134986519813538, 0.7130303382873535, 0.7124793529510498, 0.7099173665046692, 0.7104958295822144, 0.7119467258453369], "lr": [0.0010000000474974513, 0.0010000000474974513, 0.0010000000474974513, 0.0010000000474974513, 0.00010000000474974513, 0.00010000000474974513, 0.00010000000474974513, 1.0000000656873453e-05, 1.0000000656873453e-05, 1.0000000656873453e-05, 1.0000001111620804e-06, 1.0000001111620804e-06, 1.0000001111620804e-06, 1.000000082740371e-07]}, "('EfficientNetV2L', 0.001, 'weighted_cross_entropy_with_logits', 'CAM')": {"loss": [1.0093508958816528, 1.009384036064148, 1.009384036064148, 1.0093839168548584, 1.009384274482727, 1.009384036064148], "auc": [0.701585054397583, 0.700782299041748, 0.700782299041748, 0.700782299041748, 0.700782299041748, 0.700782299041748], "val_loss": [1.0419917106628418, 1.0419917106628418, 1.0419917106628418, 1.0419917106628418, 1.0419917106628418, 1.0419917106628418], "val_auc": [0.6590908765792847, 0.6590908765792847, 0.6590908765792847, 0.6590908765792847, 0.6590908765792847, 0.6590908765792847], "lr": [0.0010000000474974513, 0.0010000000474974513, 0.0010000000474974513, 0.0010000000474974513, 0.00010000000474974513, 0.00010000000474974513]}, "('EfficientNetV2L', 0.001, 'weighted_cross_entropy_with_logits', 'Standard')": {"loss": [1.1010487079620361, 1.0797874927520752, 1.0742835998535156, 1.066610336303711, 1.0579028129577637, 1.0331058502197266, 1.0125869512557983, 1.0086175203323364, 1.0138241052627563, 1.01063871383667, 1.0063989162445068, 1.0090596675872803, 1.0067945718765259, 1.0073186159133911, 1.0102368593215942, 1.0088684558868408, 1.0085543394088745, 1.0071184635162354], "auc": [0.592357337474823, 0.6139996647834778, 0.6255258917808533, 0.6455755233764648, 0.6546122431755066, 0.7043536305427551, 0.7161348462104797, 0.7142008543014526, 0.707951009273529, 0.7121023535728455, 0.7262856960296631, 0.7139204144477844, 0.7195442318916321, 0.7293077707290649, 0.7191091179847717, 0.7173765301704407, 0.7190552353858948, 0.7282645106315613], "val_loss": [1.041981816291809, 1.1036547422409058, 1.0578452348709106, 1.137546181678772, 1.05873441696167, 1.0420910120010376, 1.0427556037902832, 1.0419952869415283, 1.041970133781433, 1.0419657230377197, 1.0419565439224243, 1.0419466495513916, 1.0419472455978394, 1.0419429540634155, 1.0419338941574097, 1.0419365167617798, 1.0419421195983887, 1.041940689086914], "val_auc": [0.6616161465644836, 0.6241505742073059, 0.6458218693733215, 0.5104315280914307, 0.6415610909461975, 0.6644076704978943, 0.6424609422683716, 0.6590908765792847, 0.6617079973220825, 0.6667951941490173, 0.6685398817062378, 0.6677685976028442, 0.6688521504402161, 0.6688154339790344, 0.6662075519561768, 0.6676951050758362, 0.6675757169723511, 0.6669238209724426], "lr": [0.0010000000474974513, 0.0010000000474974513, 0.0010000000474974513, 0.0010000000474974513, 0.0010000000474974513, 0.0010000000474974513, 0.0010000000474974513, 0.00010000000474974513, 0.00010000000474974513, 0.00010000000474974513, 1.0000000656873453e-05, 1.0000000656873453e-05, 1.0000000656873453e-05, 1.0000001111620804e-06, 1.0000001111620804e-06, 1.0000001111620804e-06, 1.000000082740371e-07, 1.000000082740371e-07]}, "('EfficientNetV2L', 0.01, 'focal_loss_fixed', 'CAM')": {"loss": [2.1096200942993164, 2.1259500980377197, 2.1259500980377197, 2.125950574874878, 2.125950574874878, 2.125950336456299], "auc": [0.7005642652511597, 0.700782299041748, 0.700782299041748, 0.700782299041748, 0.700782299041748, 0.700782299041748], "val_loss": [2.4221677780151367, 2.4221677780151367, 2.4221677780151367, 2.4221677780151367, 2.4221677780151367, 2.4221677780151367], "val_auc": [0.6590908765792847, 0.6590908765792847, 0.6590908765792847, 0.6590908765792847, 0.6590908765792847, 0.6590908765792847], "lr": [0.009999999776482582, 0.009999999776482582, 0.009999999776482582, 0.009999999776482582, 0.0009999999310821295, 0.0009999999310821295]}, "('EfficientNetV2L', 0.01, 'focal_loss_fixed', 'Standard')": {"loss": [0.47638773918151855, 0.37231239676475525, 0.3326668441295624, 0.3322508633136749, 0.2801493704319, 0.20363733172416687], "auc": [0.566795289516449, 0.6427146792411804, 0.6351715922355652, 0.6164785027503967, 0.6261280179023743, 0.6232323050498962], "val_loss": [1.2323553562164307, 0.5342479348182678, 0.656059980392456, 0.11237737536430359, 0.40677526593208313, 0.3264937996864319], "val_auc": [0.6888521909713745, 0.5957942605018616, 0.5520752668380737, 0.6868503093719482, 0.5086318254470825, 0.5353536009788513], "lr": [0.009999999776482582, 0.009999999776482582, 0.009999999776482582, 0.009999999776482582, 0.009999999776482582, 0.009999999776482582]}, "('EfficientNetV2L', 0.01, 'weighted_cross_entropy_with_logits', 'CAM')": {"loss": [1.010507583618164, 1.0093841552734375, 1.009384036064148, 1.009384036064148, 1.0093839168548584, 1.0093839168548584], "auc": [0.7015582323074341, 0.700782299041748, 0.700782299041748, 0.700782299041748, 0.700782299041748, 0.700782299041748], "val_loss": [1.0419917106628418, 1.0419917106628418, 1.0419917106628418, 1.0419917106628418, 1.0419917106628418, 1.0419917106628418], "val_auc": [0.6590908765792847, 0.6590908765792847, 0.6590908765792847, 0.6590908765792847, 0.6590908765792847, 0.6590908765792847], "lr": [0.009999999776482582, 0.009999999776482582, 0.009999999776482582, 0.009999999776482582, 0.0009999999310821295, 0.0009999999310821295]}, "('EfficientNetV2L', 0.01, 'weighted_cross_entropy_with_logits', 'Standard')": {"loss": [1.0905332565307617, 1.031435251235962, 1.0102404356002808, 1.0099730491638184, 1.009384036064148, 1.0093836784362793, 1.0093837976455688, 1.0093839168548584], "auc": [0.6044363975524902, 0.6785984039306641, 0.6995435357093811, 0.7009772658348083, 0.700782299041748, 0.700782299041748, 0.700782299041748, 0.700782299041748], "val_loss": [1.0419917106628418, 1.174952507019043, 1.0419853925704956, 1.0419917106628418, 1.0419917106628418, 1.0419917106628418, 1.0419917106628418, 1.0419917106628418], "val_auc": [0.6590908765792847, 0.47761252522468567, 0.6599173545837402, 0.6590908765792847, 0.6590908765792847, 0.6590908765792847, 0.6590908765792847, 0.6590908765792847],