{"('ResNet50', 0.001, 'focal_loss_fixed', 'CAM')": {"loss": [0.16167795658111572, 0.065159372985363, 0.0712040588259697, 0.06931161880493164, 0.06251811236143112, 0.06763593852519989, 0.0694318413734436, 0.07172705978155136, 0.0735536590218544, 0.06491607427597046], "auc": [0.6171285510063171, 0.6818731427192688, 0.6373793482780457, 0.6655240654945374, 0.7079543471336365, 0.6898999214172363, 0.6523796319961548, 0.6685124635696411, 0.6394156813621521, 0.6866186857223511], "val_loss": [0.05857668071985245, 0.08039097487926483, 0.05749378353357315, 0.06942128390073776, 0.057407066226005554, 0.06923921406269073, 0.07027769088745117, 0.07468023896217346, 0.06611781567335129, 0.06082843989133835], "val_auc": [0.7052249908447266, 0.70333331823349, 0.7248485088348389, 0.5680807828903198, 0.7344076633453369, 0.562341570854187, 0.7190726399421692, 0.3991093039512634, 0.5722222328186035, 0.7171074151992798], "lr": [0.0010000000474974513, 0.0010000000474974513, 0.0010000000474974513, 0.0010000000474974513, 0.0010000000474974513, 0.0010000000474974513, 0.0010000000474974513, 0.0010000000474974513, 0.0010000000474974513, 0.0010000000474974513]}, "('ResNet50', 0.001, 'focal_loss_fixed', 'Standard')": {"loss": [0.2753889560699463, 0.19463416934013367, 0.16875426471233368, 0.1496942937374115, 0.12198018282651901, 0.12632502615451813, 0.11734963953495026, 0.10684818774461746, 0.12141747027635574, 0.11487530916929245, 0.11113383620977402, 0.10651059448719025], "auc": [0.617608904838562, 0.6858304142951965, 0.7040871381759644, 0.7321550250053406, 0.7545883059501648, 0.7360710501670837, 0.752472460269928, 0.7561666369438171, 0.7424968481063843, 0.7510144114494324, 0.7591506838798523, 0.7742032408714294], "val_loss": [0.33533915877342224, 0.3759947717189789, 0.13247549533843994, 0.20330128073692322, 0.1501951664686203, 0.13313162326812744, 0.05901819467544556, 0.061001189053058624, 0.06351608783006668, 0.06204700469970703, 0.06378096342086792, 0.06504832208156586], "val_auc": [0.4493938982486725, 0.694279134273529, 0.5564462542533875, 0.7427180409431458, 0.7712947130203247, 0.7674380540847778, 0.801781415939331, 0.8014876246452332, 0.7984481453895569, 0.7994398474693298, 0.7985949516296387, 0.7976309061050415], "lr": [0.0010000000474974513, 0.0010000000474974513, 0.0010000000474974513, 0.0010000000474974513, 0.00010000000474974513, 0.00010000000474974513, 0.00010000000474974513, 1.0000000656873453e-05, 1.0000000656873453e-05, 1.0000000656873453e-05, 1.0000001111620804e-06, 1.0000001111620804e-06]}, "('ResNet50', 0.001, 'weighted_cross_entropy_with_logits', 'CAM')": {"loss": [1.011059045791626, 1.009384036064148, 1.009384036064148, 1.009384274482727, 1.009384036064148, 1.0093837976455688], "auc": [0.7005481123924255, 0.700782299041748, 0.700782299041748, 0.700782299041748, 0.700782299041748, 0.700782299041748], "val_loss": [1.0419917106628418, 1.0419917106628418, 1.0419917106628418, 1.0419917106628418, 1.0419917106628418, 1.0419917106628418], "val_auc": [0.6590908765792847, 0.6590908765792847, 0.6590908765792847, 0.6590908765792847, 0.6590908765792847, 0.6590908765792847], "lr": [0.0010000000474974513, 0.0010000000474974513, 0.0010000000474974513, 0.0010000000474974513, 0.00010000000474974513, 0.00010000000474974513]}, "('ResNet50', 0.001, 'weighted_cross_entropy_with_logits', 'Standard')": {"loss": [1.0601681470870972, 1.0150338411331177, 0.9942559599876404, 0.9758405089378357, 0.9750867486000061, 0.9465451240539551, 0.9488131999969482, 0.9490930438041687, 0.9410815238952637, 0.9348805546760559, 0.9360702633857727, 0.9331020712852478, 0.9347379207611084, 0.9346712231636047, 0.934756338596344, 0.9341976642608643, 0.9359788298606873, 0.9336022734642029, 0.9370359182357788, 0.9375863671302795, 0.9315345287322998, 0.9418976902961731], "auc": [0.6610845327377319, 0.7330771684646606, 0.7755100131034851, 0.8049538731575012, 0.7995955348014832, 0.8401271104812622, 0.8350691795349121, 0.8331542611122131, 0.8391929864883423, 0.844527006149292, 0.8464367985725403, 0.8539391160011292, 0.8446597456932068, 0.8498420715332031, 0.8463179469108582, 0.8389366865158081, 0.8464775681495667, 0.8470534682273865, 0.8455822467803955, 0.8478714823722839, 0.8454607725143433, 0.8361331224441528], "val_loss": [1.0711475610733032, 1.0419917106628418, 1.026314377784729, 1.0419917106628418, 1.0419917106628418, 1.0419912338256836, 1.0215810537338257, 1.0261904001235962, 1.01010262966156, 1.001989483833313, 0.998087465763092, 0.9956076145172119, 0.9942264556884766, 0.9933895468711853, 0.993581235408783, 0.9934620261192322, 0.9920119643211365, 0.9929097294807434, 0.9928992986679077, 0.9935483336448669, 0.9931065440177917, 0.9929690361022949], "val_auc": [0.6605601906776428, 0.6590908765792847, 0.6906977891921997, 0.6590908765792847, 0.6590908765792847, 0.6590908765792847, 0.694104790687561, 0.6830120086669922, 0.72834712266922, 0.7446280717849731, 0.7482093572616577, 0.7645546197891235, 0.7728740572929382, 0.7746188640594482, 0.7752892971038818, 0.773810863494873, 0.7796878814697266, 0.779090940952301, 0.7796695232391357, 0.778907299041748, 0.7775941491127014, 0.7740129232406616], "lr": [0.0010000000474974513, 0.0010000000474974513, 0.0010000000474974513, 0.0010000000474974513, 0.0010000000474974513, 0.00010000000474974513, 0.00010000000474974513, 0.00010000000474974513, 1.0000000656873453e-05, 1.0000000656873453e-05, 1.0000000656873453e-05, 1.0000001111620804e-06, 1.0000001111620804e-06, 1.0000001111620804e-06, 1.000000082740371e-07, 1.000000082740371e-07, 1.000000082740371e-07, 1.000000082740371e-08, 1.000000082740371e-08, 1.000000082740371e-08, 1.000000082740371e-09, 1.000000082740371e-09]}, "('ResNet50', 0.01, 'focal_loss_fixed', 'CAM')": {"loss": [2.1007020473480225, 2.1259500980377197, 2.1259500980377197, 2.1259500980377197, 2.125950336456299, 2.1259500980377197], "auc": [0.7015688419342041, 0.700782299041748, 0.700782299041748, 0.700782299041748, 0.700782299041748, 0.700782299041748], "val_loss": [2.4221677780151367, 2.4221677780151367, 2.4221677780151367, 2.4221677780151367, 2.4221677780151367, 2.4221677780151367], "val_auc": [0.6590908765792847, 0.6590908765792847, 0.6590908765792847, 0.6590908765792847, 0.6590908765792847, 0.6590908765792847], "lr": [0.009999999776482582, 0.009999999776482582, 0.009999999776482582, 0.009999999776482582, 0.0009999999310821295, 0.0009999999310821295]}, "('ResNet50', 0.01, 'focal_loss_fixed', 'Standard')": {"loss": [0.5725050568580627, 0.4743390679359436, 0.3282421827316284, 0.3369450867176056, 0.24697056412696838, 0.1595386117696762, 0.18231403827667236, 0.10964695364236832, 0.08855196833610535, 0.0856611579656601, 0.08421147614717484, 0.08510904759168625, 0.09085206687450409, 0.0738169252872467, 0.07938181608915329, 0.0848260223865509, 0.08536724746227264, 0.08440178632736206], "auc": [0.6175786852836609, 0.6343654990196228, 0.6412617564201355, 0.6769126057624817, 0.6846171617507935, 0.689091145992279, 0.6851798295974731, 0.7324222922325134, 0.7548759579658508, 0.7532126903533936, 0.759312629699707, 0.7485857009887695, 0.7469321489334106, 0.7761512994766235, 0.7614365220069885, 0.7422699928283691, 0.7446625232696533, 0.754582405090332], "val_loss": [2.587996482849121, 1.7938172817230225, 1.380423665046692, 1.341880202293396, 1.4200078248977661, 0.17958006262779236, 0.4218653440475464, 0.1345198154449463, 0.09600725024938583, 0.09369947761297226, 0.07501861453056335, 0.06633827835321426, 0.06227272003889084, 0.06367825716733932, 0.06458135694265366, 0.06523650884628296, 0.06543712317943573, 0.0638895183801651], "val_auc": [0.4272727370262146, 0.6680716276168823, 0.39898067712783813, 0.3895408511161804, 0.6595041155815125, 0.7033975720405579, 0.6768779158592224, 0.7089531421661377, 0.7494214773178101, 0.7429201006889343, 0.7543250918388367, 0.7641322612762451, 0.7676399946212769, 0.7668135762214661, 0.7651055455207825, 0.7654544711112976, 0.7628650069236755, 0.7649127840995789],