{"('VGG16', 0.001, 'focal_loss_fixed', 'CAM')": {"loss": [0.05778743326663971, 0.045863643288612366, 0.043033018708229065, 0.03730156645178795, 0.032583966851234436, 0.031461451202631, 0.030636589974164963, 0.03002561628818512, 0.029741115868091583, 0.02966071292757988, 0.029566673561930656, 0.029563935473561287, 0.029551168903708458, 0.02954026497900486, 0.029539063572883606, 0.02953909896314144], "auc": [0.7428237199783325, 0.8467079401016235, 0.8680112361907959, 0.9109068512916565, 0.9362830519676208, 0.9416056275367737, 0.9460851550102234, 0.9477025270462036, 0.9496778249740601, 0.9505684971809387, 0.9509501457214355, 0.9509824514389038, 0.9508897662162781, 0.9510695338249207, 0.9511005878448486, 0.9510814547538757], "val_loss": [0.052381884306669235, 0.05132719501852989, 0.056551847606897354, 0.059667911380529404, 0.04936028644442558, 0.051240965723991394, 0.052814945578575134, 0.05122237280011177, 0.05095253139734268, 0.05090953782200813, 0.050859805196523666, 0.05092371255159378, 0.05090104788541794, 0.0508987121284008, 0.050899602472782135, 0.050900351256132126], "val_auc": [0.7748393416404724, 0.7989623546600342, 0.7973921895027161, 0.804444432258606, 0.8253902792930603, 0.81728196144104, 0.8205325603485107, 0.8270339369773865, 0.827557384967804, 0.8279889822006226, 0.8283103704452515, 0.8281450867652893, 0.8279706239700317, 0.8279338479042053, 0.8279338479042053, 0.8279430270195007], "lr": [0.0010000000474974513, 0.0010000000474974513, 0.0010000000474974513, 0.0010000000474974513, 0.00010000000474974513, 0.00010000000474974513, 0.00010000000474974513, 1.0000000656873453e-05, 1.0000000656873453e-05, 1.0000000656873453e-05, 1.0000001111620804e-06, 1.0000001111620804e-06, 1.0000001111620804e-06, 1.000000082740371e-07, 1.000000082740371e-07, 1.000000082740371e-07]}, "('VGG16', 0.001, 'focal_loss_fixed', 'Standard')": {"loss": [0.2652292847633362, 0.22097718715667725, 0.15718255937099457, 0.1294945925474167, 0.11760549247264862, 0.09424280375242233, 0.08728285133838654, 0.08221272379159927, 0.07411902397871017], "auc": [0.6469698548316956, 0.7109910845756531, 0.7769243121147156, 0.7844049334526062, 0.8007441759109497, 0.8215116858482361, 0.8331156373023987, 0.8242849111557007, 0.8430257439613342], "val_loss": [0.15334925055503845, 0.2783280313014984, 0.09707433730363846, 0.08887197077274323, 0.2292483001947403, 0.08597902208566666, 0.12667356431484222, 0.08507868647575378, 0.08946867287158966], "val_auc": [0.769917368888855, 0.7539393901824951, 0.7700825929641724, 0.8022038340568542, 0.7397705316543579, 0.7917079925537109, 0.7201377749443054, 0.7980165481567383, 0.7884297966957092], "lr": [0.0010000000474974513, 0.0010000000474974513, 0.0010000000474974513, 0.0010000000474974513, 0.0010000000474974513, 0.0010000000474974513, 0.0010000000474974513, 0.0010000000474974513, 0.0010000000474974513]}, "('VGG16', 0.001, 'weighted_cross_entropy_with_logits', 'CAM')": {"loss": [1.0108237266540527, 1.009378433227539, 1.012751817703247, 1.0093834400177002, 1.0093834400177002, 1.0093834400177002, 1.0093836784362793], "auc": [0.7060782313346863, 0.7005221843719482, 0.7031534910202026, 0.700782299041748, 0.700782299041748, 0.700782299041748, 0.700782299041748], "val_loss": [1.041985034942627, 1.0419527292251587, 1.0419918298721313, 1.0419918298721313, 1.0419918298721313, 1.0419918298721313, 1.0419918298721313], "val_auc": [0.6590908765792847, 0.6622589230537415, 0.6590908765792847, 0.6590908765792847, 0.6590908765792847, 0.6590908765792847, 0.6590908765792847], "lr": [0.0010000000474974513, 0.0010000000474974513, 0.0010000000474974513, 0.0010000000474974513, 0.00010000000474974513, 0.00010000000474974513, 0.00010000000474974513]}, "('VGG16', 0.001, 'weighted_cross_entropy_with_logits', 'Standard')": {"loss": [1.0585331916809082, 0.9949633479118347, 0.9617613554000854, 0.9466214776039124, 0.9489195942878723, 0.9169615507125854, 0.9109079241752625, 0.9120215177536011, 0.9034484028816223, 0.9017355442047119, 0.902346134185791, 0.8976848721504211], "auc": [0.6716392636299133, 0.7761274576187134, 0.8161817193031311, 0.8184893131256104, 0.828150749206543, 0.8574041724205017, 0.8710331320762634, 0.864654541015625, 0.8720705509185791, 0.8786741495132446, 0.870340883731842, 0.8769108057022095], "val_loss": [1.036501407623291, 1.046727180480957, 1.0169485807418823, 0.9962634444236755, 1.0115116834640503, 0.987035870552063, 0.9697695374488831, 0.9753440022468567, 0.9745843410491943, 0.9747864007949829, 0.974448025226593, 0.9742496609687805], "val_auc": [0.7350137829780579, 0.7019467353820801, 0.7625160217285156, 0.7695868015289307, 0.7304866313934326, 0.7658034563064575, 0.8097060918807983, 0.7963635921478271, 0.7955003976821899, 0.7923599481582642, 0.7925620079040527, 0.7927639484405518], "lr": [0.0010000000474974513, 0.0010000000474974513, 0.0010000000474974513, 0.0010000000474974513, 0.0010000000474974513, 0.00010000000474974513, 0.00010000000474974513, 0.00010000000474974513, 1.0000000656873453e-05, 1.0000000656873453e-05, 1.0000000656873453e-05, 1.0000001111620804e-06]}, "('VGG16', 0.01, 'focal_loss_fixed', 'CAM')": {"loss": [0.08758383989334106, 0.04745609685778618, 0.04600336030125618, 0.04150138795375824, 0.03402732312679291, 0.03255943953990936, 0.032074615359306335, 0.03055988997220993, 0.030192896723747253, 0.030038626864552498, 0.02983444184064865, 0.029818518087267876, 0.02981260046362877, 0.029783708974719048, 0.029782749712467194, 0.02978111244738102], "auc": [0.7005629539489746, 0.8276863098144531, 0.8420950770378113, 0.8795672655105591, 0.9287995100021362, 0.9347090125083923, 0.936523973941803, 0.9439298510551453, 0.9454617500305176, 0.9456802010536194, 0.9465416073799133, 0.9467260241508484, 0.9468182325363159, 0.9468488097190857, 0.9468560814857483, 0.9468415975570679], "val_loss": [0.05722952261567116, 0.05316049978137016, 0.05049896985292435, 0.04783952981233597, 0.050809815526008606, 0.05011843517422676, 0.04994689300656319, 0.05070021003484726, 0.050996411591768265, 0.050823189318180084, 0.050829026848077774, 0.05077042430639267, 0.05073830485343933, 0.05073699355125427, 0.05073270946741104, 0.05073350667953491], "val_auc": [0.710844874382019, 0.7853351831436157, 0.7878879308700562, 0.8326722383499146, 0.8262626528739929, 0.8171165585517883, 0.8296328186988831, 0.8328650593757629, 0.8322681188583374, 0.8331221342086792, 0.8332874774932861, 0.8331681489944458, 0.833094596862793, 0.833094596862793, 0.8331497311592102, 0.8332048654556274], "lr": [0.009999999776482582, 0.009999999776482582, 0.009999999776482582, 0.009999999776482582, 0.0009999999310821295, 0.0009999999310821295, 0.0009999999310821295, 9.99999901978299e-05, 9.99999901978299e-05, 9.99999901978299e-05, 9.99999883788405e-06, 9.99999883788405e-06, 9.99999883788405e-06, 9.99999883788405e-07, 9.99999883788405e-07, 9.99999883788405e-07]}, "('VGG16', 0.01, 'focal_loss_fixed', 'Standard')": {"loss": [0.46515434980392456, 0.3575708866119385, 0.3581392168998718, 0.2709295451641083, 0.18171343207359314, 0.15318763256072998, 0.12922732532024384, 0.14850416779518127, 0.12278158962726593, 0.12265591323375702, 0.12588167190551758, 0.13490459322929382, 0.11881590634584427, 0.11789891123771667, 0.12146630883216858, 0.12963692843914032, 0.13256478309631348, 0.12883822619915009, 0.11064361035823822, 0.12318752706050873, 0.12717251479625702, 0.1352246254682541, 0.12083020061254501], "auc": [0.6519193649291992, 0.6863480806350708, 0.6990594863891602, 0.738905131816864, 0.7787044048309326, 0.7821775674819946, 0.8059516549110413, 0.7581725120544434, 0.7990191578865051, 0.7882409691810608, 0.793068528175354, 0.7884300947189331, 0.7942911386489868, 0.8054540753364563, 0.8001691699028015, 0.7876183986663818, 0.7878002524375916, 0.7899187207221985, 0.8182899951934814, 0.7989245057106018, 0.7923116683959961, 0.778660237789154, 0.7930765748023987],