{"('DenseNet121', 0.001, True, 'focal_loss_fixed', 'CAM')": {"loss": [0.31703388690948486, 0.06331034749746323, 0.06792835891246796, 0.046128034591674805, 0.03624601662158966, 0.028593558818101883, 0.021624837070703506, 0.015850484371185303, 0.013771462254226208, 0.012247033417224884, 0.011208314448595047, 0.011052693240344524, 0.010885568335652351, 0.01078083086758852, 0.010764990001916885, 0.010747668333351612, 0.01073541957885027], "auc": [0.6351112723350525, 0.7134286761283875, 0.8225659728050232, 0.8657870888710022, 0.9068050980567932, 0.9434312582015991, 0.9750450849533081, 0.9877992868423462, 0.9935333132743835, 0.9968833327293396, 0.9984344244003296, 0.9985568523406982, 0.9987361431121826, 0.9988101124763489, 0.9988228678703308, 0.9988330602645874, 0.9988377094268799], "val_loss": [2.422168254852295, 2.422168254852295, 4.069242477416992, 4.0525922775268555, 2.343223810195923, 2.0855658054351807, 1.4828922748565674, 1.154528260231018, 0.6877418160438538, 0.2696264088153839, 0.10343986004590988, 0.058177925646305084, 0.05745093151926994, 0.06054261699318886, 0.06337668746709824, 0.06627850979566574, 0.06884554028511047], "val_auc": [0.6590908765792847, 0.6590908765792847, 0.4272727370262146, 0.42647382616996765, 0.6617171168327332, 0.6700642704963684, 0.7062168121337891, 0.7096511125564575, 0.7078604102134705, 0.7117447257041931, 0.7245821952819824, 0.7280900478363037, 0.7084481716156006, 0.6861432790756226, 0.657116711139679, 0.6309733390808105, 0.6135628819465637], "lr": [