{"('DenseNet121', 0.001, 'focal_loss_fixed', 'CAM')": {"loss": [0.0699860006570816, 0.045912966132164, 0.03903045132756233, 0.035857416689395905, 0.03202631324529648, 0.028086146339774132, 0.02356688305735588, 0.017739716917276382, 0.015341637656092644, 0.014872424304485321, 0.013977118767797947, 0.013942818157374859, 0.013856573030352592, 0.013748064637184143, 0.013741327449679375, 0.01373533345758915, 0.0137229198589921], "auc": [0.7236472964286804, 0.8453034162521362, 0.895072340965271, 0.916422426700592, 0.933951199054718, 0.95228111743927, 0.9676311612129211, 0.9833512902259827, 0.9905509948730469, 0.9910814166069031, 0.9927497506141663, 0.9926145672798157, 0.9926714897155762, 0.9929885864257812, 0.9930115342140198, 0.9929664731025696, 0.9929614067077637], "val_loss": [0.05602674186229706, 0.05129783973097801, 0.04692257568240166, 0.05401892960071564, 0.06016154587268829, 0.06278926134109497, 0.0551021583378315, 0.04666264355182648, 0.04650484025478363, 0.046412453055381775, 0.04690122604370117, 0.04678282514214516, 0.04691016674041748, 0.046955011785030365, 0.04696600139141083, 0.047005362808704376, 0.04700550064444542], "val_auc": [0.7749494910240173, 0.8109273910522461, 0.8439486026763916, 0.7644261121749878, 0.8168044686317444, 0.842240571975708, 0.8517630696296692, 0.8743433952331543, 0.8775758147239685, 0.8812947869300842, 0.8814141154289246, 0.8815518617630005, 0.8815335035324097, 0.8813315033912659, 0.8814233541488647, 0.8814784288406372, 0.8815059661865234], "lr": [0.0010000000474974513, 0.0010000000474974513, 0.0010000000474974513, 0.0010000000474974513, 0.0010000000474974513, 0.0010000000474974513, 0.0010000000474974513, 0.00010000000474974513, 0.00010000000474974513, 0.00010000000474974513, 1.0000000656873453e-05, 1.0000000656873453e-05, 1.0000000656873453e-05, 1.0000001111620804e-06, 1.0000001111620804e-06, 1.0000001111620804e-06, 1.000000082740371e-07]}, "('DenseNet121', 0.001, 'focal_loss_fixed', 'Standard')": {"loss": [0.2978582978248596, 0.1710016280412674, 0.1465173065662384, 0.1273500919342041, 0.11648167669773102, 0.09052059799432755, 0.08792838454246521, 0.07992063462734222, 0.0733090192079544, 0.0730520486831665, 0.07441438734531403, 0.07891686260700226, 0.0684577152132988, 0.07188276201486588, 0.07719507068395615], "auc": [0.6195428371429443, 0.7271392345428467, 0.7635552883148193, 0.7983279228210449, 0.8043827414512634, 0.839704155921936, 0.8428574204444885, 0.8489964604377747, 0.8697349429130554, 0.86640465259552, 0.8539369702339172, 0.8610165119171143, 0.8704089522361755, 0.8666765689849854, 0.8559845089912415], "val_loss": [0.14620941877365112, 0.13748551905155182, 0.11169783025979996, 0.08782981336116791, 0.09455432742834091, 0.07339555770158768, 0.07414641976356506, 0.07243146002292633, 0.07138480991125107, 0.07193978875875473, 0.0718107670545578, 0.07118909060955048, 0.07199051231145859, 0.07263801246881485, 0.07191257178783417], "val_auc": [0.7382186055183411, 0.6931588649749756, 0.7466483116149902, 0.8062442541122437, 0.7726171016693115, 0.7972084283828735, 0.799136757850647, 0.8050137758255005, 0.8082828521728516, 0.8093388676643372, 0.8086501359939575, 0.8081818222999573, 0.8070063591003418, 0.8073554039001465, 0.8080533146858215], "lr": [0.0010000000474974513, 0.0010000000474974513, 0.0010000000474974513, 0.0010000000474974513, 0.0010000000474974513, 0.00010000000474974513, 0.00010000000474974513, 0.00010000000474974513, 1.0000000656873453e-05, 1.0000000656873453e-05, 1.0000000656873453e-05, 1.0000001111620804e-06, 1.0000001111620804e-06, 1.0000001111620804e-06, 1.000000082740371e-07]}, "('DenseNet121', 0.001, 'weighted_cross_entropy_with_logits', 'CAM')": {"loss": [1.0107628107070923, 1.0093839168548584, 1.0093839168548584, 1.009384274482727, 1.009384274482727, 1.009384036064148], "auc": [0.7001851797103882, 0.700782299041748, 0.700782299041748, 0.700782299041748, 0.700782299041748, 0.700782299041748], "val_loss": [1.0419917106628418, 1.0419917106628418, 1.0419917106628418, 1.0419917106628418, 1.0419917106628418, 1.0419917106628418], "val_auc": [0.6590908765792847, 0.6590908765792847, 0.6590908765792847, 0.6590908765792847, 0.6590908765792847, 0.6590908765792847], "lr": [0.0010000000474974513, 0.0010000000474974513, 0.0010000000474974513, 0.0010000000474974513, 0.00010000000474974513, 0.00010000000474974513]}, "('DenseNet121', 0.001, 'weighted_cross_entropy_with_logits', 'Standard')": {"loss": [1.074076771736145, 1.0100226402282715, 0.9915807247161865, 0.9734468460083008, 0.9415056705474854, 0.9302138090133667, 0.921075165271759, 0.9164848923683167, 0.9172825813293457, 0.9160730838775635, 0.9165399670600891, 0.9177305698394775, 0.9041367173194885], "auc": [0.6549931764602661, 0.7434883713722229, 0.7702162861824036, 0.7975569367408752, 0.8399965167045593, 0.8598155975341797, 0.8732948303222656, 0.8751424551010132, 0.8721011281013489, 0.8733292818069458, 0.8734895586967468, 0.8717947602272034, 0.8823519945144653], "val_loss": [1.0544239282608032, 1.0384567975997925, 0.991029679775238, 1.022252082824707, 0.9948278069496155, 0.9761974215507507, 0.9745526909828186, 0.9743940234184265, 0.9740189909934998, 0.9749063849449158, 0.9747591018676758, 0.9750443696975708, 0.9749020934104919], "val_auc": [0.6625252962112427, 0.6930028200149536, 0.7699081301689148, 0.7246189713478088, 0.7878971695899963, 0.804279088973999, 0.811276376247406, 0.8160881400108337, 0.8144903779029846, 0.8150045871734619, 0.8108999133110046, 0.8108447790145874, 0.8104313611984253], "lr": [0.0010000000474974513, 0.0010000000474974513, 0.0010000000474974513, 0.0010000000474974513, 0.00010000000474974513, 0.00010000000474974513, 0.00010000000474974513, 1.0000000656873453e-05, 1.0000000656873453e-05, 1.0000000656873453e-05, 1.0000001111620804e-06, 1.0000001111620804e-06, 1.0000001111620804e-06]}, "('DenseNet121', 0.01, 'focal_loss_fixed', 'CAM')": {"loss": [2.1144325733184814, 2.1259500980377197, 2.1259500980377197, 2.1259500980377197, 2.125950574874878, 2.125950574874878], "auc": [0.6985784769058228, 0.700782299041748, 0.700782299041748, 0.700782299041748, 0.700782299041748, 0.700782299041748], "val_loss": [2.4221677780151367, 2.4221677780151367, 2.4221677780151367, 2.4221677780151367, 2.4221677780151367, 2.4221677780151367], "val_auc": [0.6590908765792847, 0.6590908765792847, 0.6590908765792847, 0.6590908765792847, 0.6590908765792847, 0.6590908765792847], "lr": [0.009999999776482582, 0.009999999776482582, 0.009999999776482582, 0.009999999776482582, 0.0009999999310821295, 0.0009999999310821295]}, "('DenseNet121', 0.01, 'focal_loss_fixed', 'Standard')": {"loss": [0.4989399313926697, 0.33334603905677795, 0.32793888449668884, 0.2547930181026459, 0.15152134001255035, 0.1351008266210556, 0.11010807752609253, 0.11380243301391602, 0.1062905341386795, 0.09910091757774353, 0.10528455674648285, 0.09503788501024246, 0.0927058681845665, 0.0979304239153862, 0.10232377797365189, 0.10928219556808472], "auc": [0.6178697943687439, 0.6764397025108337, 0.722825825214386, 0.7437623739242554, 0.781453549861908, 0.7833369970321655, 0.8060846328735352, 0.8077330589294434, 0.8128072619438171, 0.8054629564285278, 0.8130000233650208, 0.827790379524231, 0.8234198093414307, 0.8207182288169861, 0.812690258026123, 0.8051289916038513], "val_loss": [0.8822892904281616, 0.562538206577301, 0.7007564306259155, 0.1936565637588501, 0.09018398821353912, 0.07349757105112076, 0.07347369194030762, 0.07366292178630829, 0.0691743940114975, 0.07320120185613632, 0.07239698618650436, 0.07282032072544098, 0.07206322997808456, 0.07392913103103638, 0.07416684925556183, 0.07374747097492218], "val_auc": [0.5815427303314209, 0.6134434938430786, 0.6612581014633179, 0.7446097135543823, 0.7832230925559998, 0.798539936542511, 0.773783266544342, 0.7928006649017334, 0.7966023087501526, 0.7992470264434814, 0.799421489238739, 0.7992837429046631, 0.7984022498130798, 0.7988154888153076, 0.7984297275543213, 0.7986133694648743],