{"('EfficientNetV2L', 0.001, 'focal_loss_fixed', 'CAM')": {"loss": [2.0993051528930664, 2.125950574874878, 2.125950574874878, 2.125950574874878, 2.125950574874878, 2.1259500980377197], "auc": [0.6993114948272705, 0.700782299041748, 0.700782299041748, 0.700782299041748, 0.700782299041748, 0.700782299041748], "val_loss": [2.4221677780151367, 2.4221677780151367, 2.4221677780151367, 2.4221677780151367, 2.4221677780151367, 2.4221677780151367], "val_auc": [0.6590908765792847, 0.6590908765792847, 0.6590908765792847, 0.6590908765792847, 0.6590908765792847, 0.6590908765792847], "lr": [0.0010000000474974513, 0.0010000000474974513, 0.0010000000474974513, 0.0010000000474974513, 0.00010000000474974513, 0.00010000000474974513]}, "('EfficientNetV2L', 0.001, 'focal_loss_fixed', 'Standard')": {"loss": [0.2651265859603882, 0.21299903094768524, 0.18597425520420074, 0.14291052520275116, 0.13080944120883942, 0.13130295276641846, 0.12963882088661194, 0.12356539815664291, 0.1338832676410675, 0.11786998808383942, 0.12588438391685486], "auc": [0.5373218655586243, 0.5790959000587463, 0.580676794052124, 0.6352753043174744, 0.629763662815094, 0.6235719323158264, 0.6280794739723206, 0.6373100280761719, 0.6046697497367859, 0.624900758266449, 0.618012547492981], "val_loss": [0.23621994256973267, 0.3041788637638092, 0.11028420180082321, 0.0756334587931633, 0.06781429797410965, 0.06446386128664017, 0.07246498018503189, 0.06771478056907654, 0.06871698051691055, 0.06761962920427322, 0.06690782308578491], "val_auc": [0.3881726562976837, 0.4656290113925934, 0.6387695074081421, 0.5251147747039795, 0.640183687210083, 0.7071533203125, 0.7038934826850891, 0.7042056322097778, 0.7005142569541931, 0.6998530626296997, 0.6972176432609558], "lr": [0.0010000000474974513, 0.0010000000474974513, 0.0010000000474974513, 0.0010000000474974513, 0.00010000000474974513, 0.00010000000474974513, 0.00010000000474974513, 1.0000000656873453e-05, 1.0000000656873453e-05, 1.0000000656873453e-05, 1.0000001111620804e-06]}, "('EfficientNetV2L', 0.001, 'weighted_cross_entropy_with_logits', 'CAM')": {"loss": [1.0129806995391846, 1.009384036064148, 1.0093839168548584, 1.009384036064148, 1.009384274482727, 1.009384036064148], "auc": [0.6995528936386108, 0.700782299041748, 0.700782299041748, 0.700782299041748, 0.700782299041748, 0.700782299041748], "val_loss": [1.0419917106628418, 1.0419917106628418, 1.0419917106628418, 1.0419917106628418, 1.0419917106628418, 1.0419917106628418], "val_auc": [0.6590908765792847, 0.6590908765792847, 0.6590908765792847, 0.6590908765792847, 0.6590908765792847, 0.6590908765792847], "lr": [0.0010000000474974513, 0.0010000000474974513, 0.0010000000474974513, 0.0010000000474974513, 0.00010000000474974513, 0.00010000000474974513]}, "('EfficientNetV2L', 0.001, 'weighted_cross_entropy_with_logits', 'Standard')": {"loss": [1.1144158840179443, 1.085018277168274, 1.0752042531967163, 1.071524977684021, 1.0667452812194824, 1.0634970664978027, 1.056525468826294, 1.058820128440857, 1.0513776540756226, 1.0548168420791626, 1.0525720119476318, 1.055316686630249, 1.0519956350326538, 1.0522719621658325, 1.0521693229675293, 1.054003119468689], "auc": [0.5542675256729126, 0.5906785726547241, 0.613381028175354, 0.624329149723053, 0.6242863535881042, 0.6296352744102478, 0.6450697779655457, 0.6364270448684692, 0.6508594155311584, 0.6424036622047424, 0.6439474821090698, 0.6415938138961792, 0.6445858478546143, 0.6480772495269775, 0.6454752683639526, 0.6515665650367737], "val_loss": [1.19525146484375, 1.2220230102539062, 1.190569281578064, 1.124267816543579, 1.0687402486801147, 1.076824426651001, 1.0754400491714478, 1.0755666494369507, 1.0753902196884155, 1.0751376152038574, 1.0756782293319702, 1.0755044221878052, 1.075714349746704, 1.0754239559173584, 1.0755873918533325, 1.0757205486297607], "val_auc": [0.43069788813591003, 0.4316987693309784, 0.40285587310791016, 0.5755831599235535, 0.6071625351905823, 0.615096390247345, 0.6160789132118225, 0.6115977168083191, 0.6109733581542969, 0.6190725564956665, 0.6191276907920837, 0.6169881224632263, 0.6183196306228638, 0.6184113621711731, 0.617621660232544, 0.6183103919029236], "lr": [0.0010000000474974513, 0.0010000000474974513, 0.0010000000474974513, 0.0010000000474974513, 0.0010000000474974513, 0.0010000000474974513, 0.00010000000474974513, 0.00010000000474974513, 0.00010000000474974513, 1.0000000656873453e-05, 1.0000000656873453e-05, 1.0000000656873453e-05, 1.0000001111620804e-06, 1.0000001111620804e-06, 1.0000001111620804e-06, 1.000000082740371e-07]}, "('EfficientNetV2L', 0.01, 'focal_loss_fixed', 'CAM')": {"loss": [2.144615650177002, 2.1259498596191406, 2.1259500980377197, 2.125950336456299, 2.125950574874878, 2.1259500980377197], "auc": [0.694613516330719, 0.700782299041748, 0.700782299041748, 0.700782299041748, 0.700782299041748, 0.700782299041748], "val_loss": [2.4221677780151367, 2.4221677780151367, 2.4221677780151367, 2.4221677780151367, 2.4221677780151367, 2.4221677780151367], "val_auc": [0.6590908765792847, 0.6590908765792847, 0.6590908765792847, 0.6590908765792847, 0.6590908765792847, 0.6590908765792847], "lr": [0.009999999776482582, 0.009999999776482582, 0.009999999776482582, 0.009999999776482582, 0.0009999999310821295, 0.0009999999310821295]}, "('EfficientNetV2L', 0.01, 'focal_loss_fixed', 'Standard')": {"loss": [0.6162487268447876, 0.36747193336486816, 0.34487321972846985, 0.2731035351753235, 0.24981138110160828, 0.189191535115242, 0.17428676784038544], "auc": [0.626023530960083, 0.616116464138031, 0.631401777267456, 0.6163960695266724, 0.6137604117393494, 0.6175760626792908, 0.620874285697937], "val_loss": [2.4221677780151367, 1.3347433805465698, 0.7266759276390076, 0.3182372748851776, 0.2878803014755249, 0.24772842228412628, 0.08464531600475311], "val_auc": [0.6590908765792847, 0.6799633502960205, 0.6269146203994751, 0.6110743880271912, 0.6269605159759521, 0.5882368683815002, 0.6663728356361389], "lr": [0.009999999776482582, 0.009999999776482582, 0.009999999776482582, 0.009999999776482582, 0.009999999776482582, 0.009999999776482582, 0.009999999776482582]}, "('EfficientNetV2L', 0.01, 'weighted_cross_entropy_with_logits', 'CAM')": {"loss": [1.0129923820495605, 1.0093839168548584, 1.0093839168548584, 1.0093839168548584, 1.0093841552734375, 1.0093839168548584], "auc": [0.6992757320404053, 0.700782299041748, 0.700782299041748, 0.700782299041748, 0.700782299041748, 0.700782299041748], "val_loss": [1.0419917106628418, 1.0419917106628418, 1.0419917106628418, 1.0419917106628418, 1.0419917106628418, 1.0419917106628418], "val_auc": [0.6590908765792847, 0.6590908765792847, 0.6590908765792847, 0.6590908765792847, 0.6590908765792847, 0.6590908765792847], "lr": [0.009999999776482582, 0.009999999776482582, 0.009999999776482582, 0.009999999776482582, 0.0009999999310821295, 0.0009999999310821295]}, "('EfficientNetV2L', 0.01, 'weighted_cross_entropy_with_logits', 'Standard')": {"loss": [1.0930863618850708, 1.0478973388671875, 1.0093884468078613, 1.00941002368927, 1.0093839168548584, 1.0093837976455688, 1.0093846321105957, 1.009383201599121, 1.009384036064148], "auc": [0.5987545251846313, 0.6535215377807617, 0.7005221843719482, 0.7002620697021484, 0.700782299041748, 0.700782299041748, 0.700782299041748, 0.700782299041748, 0.700782299041748], "val_loss": [1.2339669466018677, 1.2339669466018677, 1.0421537160873413, 1.0419917106628418, 1.0419917106628418, 1.0419917106628418, 1.0419917106628418, 1.0419917106628418, 1.0419917106628418], "val_auc": [0.41363638639450073, 0.41363638639450073, 0.6550780534744263, 0.6590908765792847, 0.6590908765792847, 0.6590908765792847, 0.6590908765792847, 0.6590908765792847, 0.6590908765792847], "lr": [0.009999999776482582, 0.009999999776482582, 0.009999999776482582, 0.009999999776482582, 0.0009999999310821295, 0.0009999999310821295, 0.0009999999310821295, 9.99999901978299e-05, 9.99999901978299e-05]}}