{"('EfficientNetV2L', 0.001, 'focal_loss_fixed', 'CAM')": {"loss": [0.7142130136489868, 0.6168313026428223, 0.5826441049575806, 0.4950662851333618, 0.49860450625419617, 0.4985171854496002, 0.38436660170555115, 0.36872825026512146, 0.31328970193862915], "auc": [0.6300691366195679, 0.6022956967353821, 0.6132012009620667, 0.6276311278343201, 0.6257344484329224, 0.6169285774230957, 0.6408214569091797, 0.6283301711082458, 0.6392321586608887], "val_loss": [0.3725760281085968, 0.8477105498313904, 0.2717573046684265, 0.15442736446857452, 0.6992245316505432, 0.6651583313941956, 0.17413368821144104, 0.13556823134422302, 0.13874801993370056], "val_auc": [0.6971625685691833, 0.5361157059669495, 0.6703305244445801, 0.7053627967834473, 0.36085402965545654, 0.6703488826751709, 0.579164445400238, 0.6855463981628418, 0.6901193261146545], "lr": [0.0010000000474974513, 0.0010000000474974513, 0.0010000000474974513, 0.0010000000474974513, 0.0010000000474974513, 0.0010000000474974513, 0.0010000000474974513, 0.0010000000474974513, 0.00010000000474974513]}, "('EfficientNetV2L', 0.001, 'focal_loss_fixed', 'Standard')": {"loss": [0.2904215157032013, 0.21559636294841766, 0.1653567999601364, 0.15664587914943695, 0.15147927403450012, 0.1377245932817459, 0.13966317474842072, 0.12996609508991241, 0.11811213195323944, 0.12003400176763535, 0.120252326130867, 0.12309644371271133, 0.120427705347538, 0.11679576337337494, 0.12098976969718933], "auc": [0.5449919104576111, 0.5939096212387085, 0.6408478021621704, 0.6285337209701538, 0.6202776432037354, 0.6265313029289246, 0.6275197863578796, 0.6519728899002075, 0.6507405042648315, 0.6476306319236755, 0.6433359980583191, 0.6500580906867981, 0.6648420095443726, 0.6471649408340454, 0.6372658610343933], "val_loss": [0.3238734304904938, 0.17374199628829956, 0.1005992740392685, 0.13247054815292358, 0.155945286154747, 0.09044978767633438, 0.08177876472473145, 0.07273830473423004, 0.07116695493459702, 0.07111073285341263, 0.07214897125959396, 0.07131549715995789, 0.07166438549757004, 0.07259082794189453, 0.0720105916261673], "val_auc": [0.6736271381378174, 0.523324191570282, 0.6993572115898132, 0.6167768836021423, 0.6452800631523132, 0.7048301100730896, 0.6927088499069214, 0.7072727680206299, 0.7110560536384583, 0.7119743227958679, 0.7117538452148438, 0.7108724117279053, 0.7093847990036011, 0.7093204259872437, 0.7103397846221924], "lr": [0.0010000000474974513, 0.0010000000474974513, 0.0010000000474974513, 0.0010000000474974513, 0.0010000000474974513, 0.00010000000474974513, 0.00010000000474974513, 0.00010000000474974513, 1.0000000656873453e-05, 1.0000000656873453e-05, 1.0000000656873453e-05, 1.0000001111620804e-06, 1.0000001111620804e-06, 1.0000001111620804e-06, 1.000000082740371e-07]}, "('EfficientNetV2L', 0.001, 'weighted_cross_entropy_with_logits', 'CAM')": {"loss": [1.0250625610351562, 1.0093849897384644, 1.009384274482727, 1.009384274482727, 1.0093845129013062, 1.0093847513198853], "auc": [0.6976375579833984, 0.700782299041748, 0.700782299041748, 0.700782299041748, 0.700782299041748, 0.700782299041748], "val_loss": [1.0419917106628418, 1.0419917106628418, 1.0419917106628418, 1.0419917106628418, 1.0419917106628418, 1.0419917106628418], "val_auc": [0.6590908765792847, 0.6590908765792847, 0.6590908765792847, 0.6590908765792847, 0.6590908765792847, 0.6590908765792847], "lr": [0.0010000000474974513, 0.0010000000474974513, 0.0010000000474974513, 0.0010000000474974513, 0.00010000000474974513, 0.00010000000474974513]}, "('EfficientNetV2L', 0.001, 'weighted_cross_entropy_with_logits', 'Standard')": {"loss": [1.098706841468811, 1.082095980644226, 1.0632541179656982, 1.0646437406539917, 1.05060875415802, 1.0499722957611084, 1.0485594272613525, 1.0458613634109497], "auc": [0.5879606008529663, 0.613767147064209, 0.629470705986023, 0.6418635249137878, 0.651867151260376, 0.6532711982727051, 0.657857358455658, 0.6573448181152344], "val_loss": [1.1258015632629395, 1.0419902801513672, 1.0414822101593018, 1.044718861579895, 1.064139485359192, 1.0590088367462158, 1.0551832914352417, 1.051852822303772], "val_auc": [0.5912304520606995, 0.6590908765792847, 0.6698439717292786, 0.6505509614944458, 0.6228191256523132, 0.6322681307792664, 0.6486042141914368, 0.6627732515335083], "lr": [0.0010000000474974513, 0.0010000000474974513, 0.0010000000474974513, 0.0010000000474974513, 0.00010000000474974513, 0.00010000000474974513, 0.00010000000474974513, 1.0000000656873453e-05]}, "('EfficientNetV2L', 0.001, 'ext_weighted_cross_entropy_with_logits', 'CAM')": {"loss": [3.916424036026001, 3.709355115890503, 3.389056921005249, 3.353435516357422, 2.9743621349334717, 2.8162403106689453], "auc": [0.5222692489624023, 0.555168092250824, 0.5377587080001831, 0.559234082698822, 0.5289636850357056, 0.5365151762962341], "val_loss": [1.3791669607162476, 2.0048282146453857, 1.6863107681274414, 1.6473422050476074, 3.4448611736297607, 1.3854291439056396], "val_auc": [0.5887603759765625, 0.41192832589149475, 0.5409366488456726, 0.5349220037460327, 0.41631773114204407, 0.572745680809021], "lr": [0.0010000000474974513, 0.0010000000474974513, 0.0010000000474974513, 0.0010000000474974513, 0.0010000000474974513, 0.00010000000474974513]}, "('EfficientNetV2L', 0.001, 'ext_weighted_cross_entropy_with_logits', 'Standard')": {"loss": [2.4099721908569336, 2.0248680114746094, 1.918717622756958, 1.8892195224761963, 1.774986743927002, 1.6889032125473022, 1.7067546844482422], "auc": [0.5156725645065308, 0.5558747053146362, 0.5663806796073914, 0.551823616027832, 0.5933541655540466, 0.5723802447319031, 0.5782910585403442], "val_loss": [5.723710536956787, 2.2769267559051514, 1.8835208415985107, 2.0871541500091553, 1.6660022735595703, 1.5970083475112915, 1.9775410890579224], "val_auc": [0.6427180767059326, 0.6822589039802551, 0.5854178667068481, 0.5242056846618652, 0.5910652279853821, 0.57145094871521, 0.4373278319835663], "lr": [0.0010000000474974513, 0.0010000000474974513, 0.0010000000474974513, 0.0010000000474974513, 0.0010000000474974513, 0.0010000000474974513, 0.0010000000474974513]}, "('EfficientNetV2L', 0.01, 'focal_loss_fixed', 'CAM')": {"loss": [2.093294858932495, 2.125950336456299, 2.125950336456299, 2.125950336456299, 2.125950574874878, 2.1259500980377197], "auc": [0.6977133750915527, 0.700782299041748, 0.700782299041748, 0.700782299041748, 0.700782299041748, 0.700782299041748], "val_loss": [2.4221677780151367, 2.4221677780151367, 2.4221677780151367, 2.4221677780151367, 2.4221677780151367, 2.4221677780151367], "val_auc": [0.6590908765792847, 0.6590908765792847, 0.6590908765792847, 0.6590908765792847, 0.6590908765792847, 0.6590908765792847], "lr": [0.009999999776482582, 0.009999999776482582, 0.009999999776482582, 0.009999999776482582, 0.0009999999310821295, 0.0009999999310821295]}, "('EfficientNetV2L', 0.01, 'focal_loss_fixed', 'Standard')": {"loss": [0.4618586301803589, 0.3493514955043793, 0.33019450306892395, 0.2577444016933441, 0.18352511525154114, 0.1678573042154312, 0.15813516080379486], "auc": [0.5874506235122681, 0.6220875382423401, 0.5715885162353516, 0.6493900418281555, 0.613785982131958, 0.5849459767341614, 0.6096603274345398], "val_loss": [1.183940052986145, 0.9404070973396301, 0.3555479645729065, 0.43312883377075195, 0.10697786509990692, 0.0715181902050972, 0.10775603353977203], "val_auc": [0.5016987919807434, 0.681441605091095, 0.6114050149917603, 0.5848117470741272, 0.6605876684188843, 0.6738476157188416, 0.6343250870704651], "lr": [0.009999999776482582, 0.009999999776482582, 0.009999999776482582, 0.009999999776482582, 0.0009999999310821295, 0.0009999999310821295, 0.0009999999310821295]}, "('EfficientNetV2L', 0.01, 'weighted_cross_entropy_with_logits', 'CAM')": {"loss": [1.0115686655044556, 1.009384036064148, 1.0093839168548584, 1.0093839168548584, 1.0093839168548584, 1.009384036064148], "auc": [0.699461042881012, 0.700782299041748, 0.700782299041748, 0.700782299041748, 0.700782299041748, 0.700782299041748],