{"('EfficientNetV2M', 0.001, 'focal_loss_fixed', 'CAM')": {"loss": [4.102290630340576, 4.17547607421875, 4.175475120544434, 4.175475120544434, 4.175475597381592, 4.175474166870117], "auc": [0.4123377501964569, 0.41232073307037354, 0.41232073307037354, 0.41232073307037354, 0.41232073307037354, 0.41232073307037354], "val_loss": [4.069242477416992, 4.069242477416992, 4.069242477416992, 4.069242477416992, 4.069242477416992, 4.069242477416992], "val_auc": [0.4272727370262146, 0.4272727370262146, 0.4272727370262146, 0.4272727370262146, 0.4272727370262146, 0.4272727370262146], "lr": [0.0010000000474974513, 0.0010000000474974513, 0.0010000000474974513, 0.0010000000474974513, 0.00010000000474974513, 0.00010000000474974513]}, "('EfficientNetV2M', 0.001, 'focal_loss_fixed', 'Standard')": {"loss": [0.2686363160610199, 0.20335599780082703, 0.18846754729747772, 0.16964203119277954, 0.13548777997493744, 0.13582995533943176, 0.11465510725975037, 0.11750410497188568, 0.10962140560150146, 0.1216747909784317, 0.10798951238393784, 0.1061214953660965], "auc": [0.558323860168457, 0.5857542157173157, 0.6015112996101379, 0.58213871717453, 0.6201246380805969, 0.6288678050041199, 0.6174286603927612, 0.6072410941123962, 0.6380031704902649, 0.5961100459098816, 0.6263707280158997, 0.6283383369445801], "val_loss": [0.2011181265115738, 0.16604143381118774, 0.3615456223487854, 0.09688004106283188, 0.08068913966417313, 0.09246820211410522, 0.060702573508024216, 0.06712420284748077, 0.06214052438735962, 0.06282568722963333, 0.06277884542942047, 0.06303515285253525], "val_auc": [0.6742883920669556, 0.6882461309432983, 0.6214600801467896, 0.6245637536048889, 0.685987114906311, 0.6655280590057373, 0.7295132875442505, 0.6961065530776978, 0.7168962359428406, 0.7023508548736572, 0.7013130784034729, 0.701386570930481], "lr": [0.0010000000474974513, 0.0010000000474974513, 0.0010000000474974513, 0.0010000000474974513, 0.0010000000474974513, 0.0010000000474974513, 0.00010000000474974513, 0.00010000000474974513, 0.00010000000474974513, 1.0000000656873453e-05, 1.0000000656873453e-05, 1.0000000656873453e-05]}, "('EfficientNetV2M', 0.001, 'weighted_cross_entropy_with_logits', 'CAM')": {"loss": [1.01188325881958, 1.0093841552734375, 1.0093839168548584, 1.0093839168548584, 1.0093839168548584, 1.0093841552734375], "auc": [0.698584794998169, 0.700782299041748, 0.700782299041748, 0.700782299041748, 0.700782299041748, 0.700782299041748], "val_loss": [1.0419917106628418, 1.0419917106628418, 1.0419917106628418, 1.0419917106628418, 1.0419917106628418, 1.0419917106628418], "val_auc": [0.6590908765792847, 0.6590908765792847, 0.6590908765792847, 0.6590908765792847, 0.6590908765792847, 0.6590908765792847], "lr": [0.0010000000474974513, 0.0010000000474974513, 0.0010000000474974513, 0.0010000000474974513, 0.00010000000474974513, 0.00010000000474974513]}, "('EfficientNetV2M', 0.001, 'weighted_cross_entropy_with_logits', 'Standard')": {"loss": [1.0911965370178223, 1.0848486423492432, 1.0736080408096313, 1.075377106666565, 1.066792368888855, 1.0514957904815674, 1.0181726217269897, 1.0142139196395874, 1.0125012397766113, 1.0111688375473022, 1.0135153532028198, 1.0128703117370605, 1.0114580392837524, 1.0121090412139893], "auc": [0.596699059009552, 0.6128340363502502, 0.6283271908760071, 0.6341092586517334, 0.6314035058021545, 0.6589810252189636, 0.7109248042106628, 0.7066757082939148, 0.7064265608787537, 0.7152321934700012, 0.7145591378211975, 0.7082836031913757, 0.710810124874115, 0.7083486318588257], "val_loss": [1.1841380596160889, 1.1655097007751465, 1.2339377403259277, 1.223583698272705, 1.163130283355713, 1.0419940948486328, 1.041988730430603, 1.0418928861618042, 1.0417801141738892, 1.0417131185531616, 1.0417194366455078, 1.0417195558547974, 1.0417006015777588, 1.041705846786499], "val_auc": [0.3844169080257416, 0.4949403405189514, 0.41363638639450073, 0.3544902801513672, 0.4794582426548004, 0.6590908765792847, 0.6590908765792847, 0.6614324450492859, 0.6805417537689209, 0.6759320497512817, 0.6757575273513794, 0.6760697364807129, 0.6778329014778137, 0.6786041855812073], "lr": [0.0010000000474974513, 0.0010000000474974513, 0.0010000000474974513, 0.0010000000474974513, 0.0010000000474974513, 0.0010000000474974513, 0.0010000000474974513, 0.00010000000474974513, 0.00010000000474974513, 0.00010000000474974513, 1.0000000656873453e-05, 1.0000000656873453e-05, 1.0000000656873453e-05, 1.0000001111620804e-06]}, "('EfficientNetV2M', 0.01, 'focal_loss_fixed', 'CAM')": {"loss": [2.103701591491699, 2.125950574874878, 2.125950336456299, 2.1259500980377197, 2.1259500980377197, 2.125950336456299], "auc": [0.7015701532363892, 0.700782299041748, 0.700782299041748, 0.700782299041748, 0.700782299041748, 0.700782299041748], "val_loss": [2.4221677780151367, 2.4221677780151367, 2.4221677780151367, 2.4221677780151367, 2.4221677780151367, 2.4221677780151367], "val_auc": [0.6590908765792847, 0.6590908765792847, 0.6590908765792847, 0.6590908765792847, 0.6590908765792847, 0.6590908765792847], "lr": [0.009999999776482582, 0.009999999776482582, 0.009999999776482582, 0.009999999776482582, 0.0009999999310821295, 0.0009999999310821295]}, "('EfficientNetV2M', 0.01, 'focal_loss_fixed', 'Standard')": {"loss": [0.4032924473285675, 0.4441458284854889, 0.37311068177223206, 0.253446489572525, 0.20034587383270264, 0.14881069958209991, 0.13581395149230957, 0.1270187497138977, 0.12567995488643646, 0.10790982842445374, 0.10001574456691742], "auc": [0.5649544596672058, 0.6420589685440063, 0.6043267250061035, 0.6435204148292542, 0.5973360538482666, 0.6413981914520264, 0.5951884388923645, 0.6148139238357544, 0.5879248976707458, 0.6393579244613647, 0.6298680901527405], "val_loss": [1.279893398284912, 0.8651458024978638, 0.23137600719928741, 0.16265948116779327, 0.23620672523975372, 0.08491715043783188, 0.08127254992723465, 0.07050851732492447, 0.08046848326921463, 0.06891258805990219, 0.06249726191163063], "val_auc": [0.66349858045578, 0.6284664869308472, 0.6292011737823486, 0.6794031262397766, 0.6600825190544128, 0.6968962550163269, 0.5973921418190002, 0.6806978583335876, 0.6278144717216492, 0.6322681307792664, 0.6957024335861206], "lr": [0.009999999776482582, 0.009999999776482582, 0.009999999776482582, 0.009999999776482582, 0.009999999776482582, 0.0009999999310821295, 0.0009999999310821295, 0.0009999999310821295, 0.0009999999310821295, 0.0009999999310821295, 9.99999901978299e-05]}, "('EfficientNetV2M', 0.01, 'weighted_cross_entropy_with_logits', 'CAM')": {"loss": [1.0094321966171265, 1.0093841552734375, 1.0093839168548584, 1.009384036064148, 1.009384274482727, 1.009384274482727], "auc": [0.7015659213066101, 0.700782299041748, 0.700782299041748, 0.700782299041748, 0.700782299041748, 0.700782299041748], "val_loss": [1.0419917106628418, 1.0419917106628418, 1.0419917106628418, 1.0419917106628418, 1.0419917106628418, 1.0419917106628418], "val_auc": [0.6590908765792847, 0.6590908765792847, 0.6590908765792847, 0.6590908765792847, 0.6590908765792847, 0.6590908765792847], "lr": [0.009999999776482582, 0.009999999776482582, 0.009999999776482582, 0.009999999776482582, 0.0009999999310821295, 0.0009999999310821295]}, "('EfficientNetV2M', 0.01, 'weighted_cross_entropy_with_logits', 'Standard')": {"loss": [1.0970704555511475, 1.0836560726165771, 1.0314714908599854, 1.009395718574524, 1.0093849897384644, 1.009384036064148], "auc": [0.5941684246063232, 0.6075535416603088, 0.6790710091590881, 0.7005884647369385, 0.700782299041748, 0.700782299041748], "val_loss": [1.0419917106628418, 1.10176682472229, 1.0419917106628418, 1.0419917106628418, 1.0419917106628418, 1.0419917106628418], "val_auc": [0.6590908765792847, 0.5894949436187744, 0.6590908765792847, 0.6590908765792847, 0.6590908765792847, 0.6590908765792847], "lr": [0.009999999776482582, 0.009999999776482582, 0.009999999776482582, 0.009999999776482582, 0.009999999776482582, 0.0009999999310821295]}}