{"('MobileNetV2', 0.001, 'focal_loss_fixed', 'CAM')": {"loss": [0.6703487038612366, 0.4916825592517853, 0.42453914880752563, 0.33937397599220276, 0.2890707850456238, 0.2555733621120453, 0.20356754958629608, 0.20017026364803314, 0.18773430585861206, 0.18854592740535736, 0.18989895284175873, 0.16760608553886414, 0.1812894344329834, 0.18588732182979584, 0.17109906673431396, 0.1906394511461258, 0.17867624759674072, 0.19305269420146942, 0.18287324905395508], "auc": [0.6763728260993958, 0.71564781665802, 0.7682796120643616, 0.7968136668205261, 0.8228443264961243, 0.8418546319007874, 0.864896297454834, 0.8653429746627808, 0.8751727342605591, 0.8697119951248169, 0.8719660043716431, 0.8810665607452393, 0.8743453621864319, 0.8747146725654602, 0.8742335438728333, 0.86540287733078, 0.8796484470367432, 0.8743873834609985, 0.8733096718788147], "val_loss": [0.4351252317428589, 0.18126361072063446, 0.22126691043376923, 0.2674024999141693, 0.32627803087234497, 0.21821895241737366, 0.21889935433864594, 0.19305217266082764, 0.187270849943161, 0.18784940242767334, 0.1787901371717453, 0.17856980860233307, 0.1786983162164688, 0.17710763216018677, 0.1778186708688736, 0.17649361491203308, 0.17748317122459412, 0.177720308303833, 0.17850422859191895], "val_auc": [0.6999449133872986, 0.6962074637413025, 0.7556841373443604, 0.7384663820266724, 0.7772635221481323, 0.78948575258255, 0.78705233335495, 0.7916253209114075, 0.793186366558075, 0.7953718900680542, 0.7971533536911011, 0.7973002195358276, 0.7976125478744507, 0.7981542348861694, 0.7976125478744507, 0.7976950407028198, 0.7978237271308899, 0.7978513240814209, 0.7980257272720337], "lr": [0.0010000000474974513, 0.0010000000474974513, 0.0010000000474974513, 0.0010000000474974513, 0.0010000000474974513, 0.00010000000474974513, 0.00010000000474974513, 0.00010000000474974513, 1.0000000656873453e-05, 1.0000000656873453e-05, 1.0000000656873453e-05, 1.0000001111620804e-06, 1.0000001111620804e-06, 1.0000001111620804e-06, 1.000000082740371e-07, 1.000000082740371e-07, 1.000000082740371e-07, 1.000000082740371e-08, 1.000000082740371e-08]}, "('MobileNetV2', 0.001, 'focal_loss_fixed', 'Standard')": {"loss": [0.328962117433548, 0.18806737661361694, 0.16513487696647644, 0.14081251621246338, 0.10992447286844254, 0.0938299372792244, 0.09454567730426788, 0.0863363966345787, 0.0996306911110878, 0.08663427084684372, 0.08635106682777405, 0.08522146195173264, 0.088831827044487, 0.09113302826881409, 0.08658608794212341, 0.08750025182962418, 0.09042584151029587, 0.08955004066228867, 0.09181647002696991, 0.08413397520780563, 0.09468981623649597, 0.08920839428901672, 0.08912172168493271, 0.08640149235725403], "auc": [0.6058633327484131, 0.7004823088645935, 0.737118661403656, 0.7577322125434875, 0.8073281645774841, 0.818372905254364, 0.8240180015563965, 0.8305947780609131, 0.805881142616272, 0.838666558265686, 0.8351724147796631, 0.8377782702445984, 0.8329893946647644, 0.8211954236030579, 0.8374443054199219, 0.8373214602470398, 0.8194305896759033, 0.8187298774719238, 0.830786406993866, 0.8414366841316223, 0.8236504793167114, 0.8268967866897583, 0.8239848613739014, 0.8334389925003052], "val_loss": [0.5961223244667053, 0.2351771891117096, 0.19968481361865997, 0.14287827908992767, 0.10293690115213394, 0.09158244729042053, 0.08912427723407745, 0.08766832947731018, 0.08531010150909424, 0.08325394988059998, 0.08342386037111282, 0.08318313211202621, 0.08206874132156372, 0.08256321400403976, 0.08288681507110596, 0.08296545594930649, 0.08247139304876328, 0.08225324004888535, 0.08143267035484314, 0.08255797624588013, 0.08262259513139725, 0.08263690024614334, 0.08204808831214905, 0.08268100023269653], "val_auc": [0.6046280860900879, 0.6876216530799866, 0.678576648235321, 0.7521120309829712, 0.7567585110664368, 0.773581326007843, 0.779274582862854, 0.7786133885383606, 0.7790358066558838, 0.7814967632293701, 0.7814141511917114, 0.7820569276809692, 0.7819375991821289, 0.7814967036247253, 0.7807988524436951, 0.7813681960105896, 0.7824701070785522, 0.7810009121894836, 0.782607913017273, 0.7812121510505676, 0.7816253304481506, 0.7815977931022644, 0.7823874950408936, 0.7816803455352783], "lr": [0.0010000000474974513, 0.0010000000474974513, 0.0010000000474974513, 0.0010000000474974513, 0.00010000000474974513, 0.00010000000474974513, 0.00010000000474974513, 1.0000000656873453e-05, 1.0000000656873453e-05, 1.0000000656873453e-05, 1.0000001111620804e-06, 1.0000001111620804e-06, 1.0000001111620804e-06, 1.000000082740371e-07, 1.000000082740371e-07, 1.000000082740371e-07, 1.000000082740371e-08, 1.000000082740371e-08, 1.000000082740371e-08, 1.000000082740371e-09, 1.000000082740371e-09, 1.000000082740371e-09, 1.000000082740371e-10, 1.000000082740371e-10]}, "('MobileNetV2', 0.001, 'weighted_cross_entropy_with_logits', 'CAM')": {"loss": [1.0139858722686768, 1.009384274482727, 1.0093836784362793, 1.0093841552734375, 1.0093839168548584, 1.0093839168548584], "auc": [0.6979640126228333, 0.700782299041748, 0.700782299041748, 0.700782299041748, 0.700782299041748, 0.700782299041748], "val_loss": [1.0419917106628418, 1.0419917106628418, 1.0419917106628418, 1.0419917106628418, 1.0419917106628418, 1.0419917106628418], "val_auc": [0.6590908765792847, 0.6590908765792847, 0.6590908765792847, 0.6590908765792847, 0.6590908765792847, 0.6590908765792847], "lr": [0.0010000000474974513, 0.0010000000474974513, 0.0010000000474974513, 0.0010000000474974513, 0.00010000000474974513, 0.00010000000474974513]}, "('MobileNetV2', 0.001, 'weighted_cross_entropy_with_logits', 'Standard')": {"loss": [1.071378231048584, 1.0359160900115967, 1.003208875656128, 0.9853384494781494, 0.9591560363769531, 0.9466564655303955, 0.9316306114196777, 0.931392252445221, 0.9241631627082825, 0.9271604418754578, 0.9180088043212891, 0.9178772568702698, 0.9229082465171814, 0.9196934700012207, 0.9213418364524841, 0.915585458278656, 0.9263404607772827, 0.926120936870575], "auc": [0.6374346017837524, 0.7071027159690857, 0.7498860955238342, 0.7794739603996277, 0.8038205504417419, 0.8122288584709167, 0.8320778608322144, 0.8380890488624573, 0.8482009172439575, 0.8467428684234619, 0.8493814468383789, 0.8498706817626953, 0.8433911204338074, 0.8505029082298279, 0.8430074453353882, 0.852597177028656, 0.842245876789093, 0.8470352292060852], "val_loss": [1.0410069227218628, 1.0594249963760376, 1.0476733446121216, 1.0148769617080688, 1.0307097434997559, 1.0095654726028442, 1.0102719068527222, 1.0069249868392944, 1.0040868520736694, 1.002532958984375, 1.0045762062072754, 1.0047835111618042, 1.0033074617385864, 1.0039467811584473, 1.0040112733840942, 1.0035400390625, 1.003647804260254, 1.0030983686447144], "val_auc": [0.6859503984451294, 0.6641322374343872, 0.6831221580505371, 0.7143893241882324, 0.7001194357872009, 0.7250412702560425, 0.7269330024719238, 0.7335720658302307, 0.7330303192138672, 0.7365748882293701, 0.7349953651428223, 0.7351790070533752, 0.7377593517303467, 0.7355095744132996, 0.7355831861495972, 0.7360146641731262, 0.7330578565597534, 0.7345821857452393], "lr": [0.0010000000474974513, 0.0010000000474974513, 0.0010000000474974513, 0.0010000000474974513, 0.0010000000474974513, 0.00010000000474974513, 0.00010000000474974513, 0.00010000000474974513, 1.0000000656873453e-05, 1.0000000656873453e-05, 1.0000000656873453e-05, 1.0000001111620804e-06, 1.0000001111620804e-06, 1.0000001111620804e-06, 1.000000082740371e-07, 1.000000082740371e-07, 1.000000082740371e-07, 1.000000082740371e-08]}, "('MobileNetV2', 0.001, 'ext_weighted_cross_entropy_with_logits', 'CAM')": {"loss": [3.7555582523345947, 2.6282546520233154, 1.9017924070358276, 1.6332985162734985, 1.2347735166549683, 1.1568371057510376, 1.1743677854537964, 1.0809862613677979, 1.0245616436004639, 0.9782002568244934, 1.0568822622299194, 0.9964990615844727, 1.084006428718567, 1.024923324584961, 0.9865971207618713, 1.004819393157959, 1.0128785371780396],