{"('ResNet50', 0.001, 'focal_loss_fixed', 'CAM')": {"loss": [0.21735084056854248, 0.06410323083400726, 0.06355097889900208, 0.06830257922410965, 0.055812638252973557, 0.054300300776958466, 0.05475830286741257, 0.053135454654693604, 0.053095683455467224, 0.053162481635808945, 0.05294765904545784, 0.05295156314969063, 0.05292368307709694, 0.052899885922670364, 0.052899494767189026], "auc": [0.6286833882331848, 0.6759577393531799, 0.6917322874069214, 0.6992392539978027, 0.7429949641227722, 0.7576348781585693, 0.7519606947898865, 0.7849517464637756, 0.7882278561592102, 0.7860397100448608, 0.7967661619186401, 0.7930209636688232, 0.7940935492515564, 0.7951380610466003, 0.794852077960968], "val_loss": [0.08913401514291763, 0.06914050132036209, 0.05737466365098953, 0.0779993087053299, 0.05757059529423714, 0.06249574199318886, 0.05691930651664734, 0.05694566294550896, 0.05730476230382919, 0.05697280913591385, 0.05702013522386551, 0.057022031396627426, 0.05702859163284302, 0.057021308690309525, 0.05702238529920578], "val_auc": [0.5426905751228333, 0.7062994241714478, 0.7247474789619446, 0.5579890012741089, 0.7137832641601562, 0.7332231402397156, 0.7271349430084229, 0.7299907207489014, 0.7249219417572021, 0.7358218431472778, 0.7316436767578125, 0.7306060194969177, 0.7295591831207275, 0.7296327352523804, 0.7287419438362122], "lr": [0.0010000000474974513, 0.0010000000474974513, 0.0010000000474974513, 0.0010000000474974513, 0.00010000000474974513, 0.00010000000474974513, 0.00010000000474974513, 1.0000000656873453e-05, 1.0000000656873453e-05, 1.0000000656873453e-05, 1.0000001111620804e-06, 1.0000001111620804e-06, 1.0000001111620804e-06, 1.000000082740371e-07, 1.000000082740371e-07]}, "('ResNet50', 0.001, 'focal_loss_fixed', 'Standard')": {"loss": [0.25817495584487915, 0.18218573927879333, 0.17136530578136444, 0.1333197057247162, 0.12363796681165695, 0.11355762183666229, 0.11278385668992996, 0.10623543709516525, 0.10197463631629944, 0.09925123304128647, 0.10048805922269821, 0.1022665724158287, 0.1073162853717804, 0.11081817746162415, 0.10350476205348969, 0.10668342560529709, 0.10079436004161835, 0.09966374933719635, 0.10423275828361511, 0.10759221762418747, 0.11293817311525345, 0.10667790472507477, 0.10122372955083847, 0.11244380474090576, 0.10275714844465256, 0.10936369746923447, 0.09845151007175446, 0.10457669943571091], "auc": [0.6258041858673096, 0.681962788105011, 0.6838659048080444, 0.7229779958724976, 0.7272127270698547, 0.7431002855300903, 0.7490832805633545, 0.7637687921524048, 0.7634941935539246, 0.7763952016830444, 0.7592547535896301, 0.7622937560081482, 0.7508439421653748, 0.7524805665016174, 0.7619724869728088, 0.7570667266845703, 0.7683864235877991, 0.7650142908096313, 0.7582667469978333, 0.7466443777084351, 0.7550515532493591, 0.7707916498184204, 0.7760562300682068, 0.7438324689865112, 0.7595850229263306, 0.7646139860153198, 0.7659309506416321, 0.7669049501419067], "val_loss": [0.22818467020988464, 0.3311789929866791, 0.091919906437397, 0.10652066022157669, 0.13056617975234985, 0.06988920271396637, 0.0755910575389862, 0.07015101611614227, 0.06454432755708694, 0.06288258731365204, 0.0630396157503128, 0.06427699327468872, 0.06422112137079239, 0.06263702362775803, 0.06322281807661057, 0.06363827735185623, 0.0635201558470726, 0.06390488147735596, 0.06297952681779861, 0.06398355960845947, 0.06330643594264984, 0.06362462043762207, 0.06274858117103577, 0.06295741349458694, 0.06405411660671234, 0.06337843835353851, 0.06450016796588898, 0.06414864212274551], "val_auc": [0.6597152948379517, 0.6979982256889343, 0.7269330024719238, 0.7046924233436584, 0.742378294467926, 0.7596326470375061, 0.7754086256027222, 0.7788429856300354, 0.7822957038879395, 0.7815701961517334, 0.7834435701370239, 0.7833242416381836, 0.7832415103912354, 0.7855556011199951, 0.7859136462211609, 0.7838383316993713, 0.7853902578353882, 0.7843709588050842, 0.7857300639152527, 0.7860422730445862, 0.786685049533844, 0.7860974073410034, 0.7868870496749878, 0.7852799892425537, 0.784995436668396, 0.786290168762207, 0.7833333015441895, 0.7831129431724548], "lr": [0.0010000000474974513, 0.0010000000474974513, 0.0010000000474974513, 0.0010000000474974513, 0.00010000000474974513, 0.00010000000474974513, 0.00010000000474974513, 1.0000000656873453e-05, 1.0000000656873453e-05, 1.0000000656873453e-05, 1.0000001111620804e-06, 1.0000001111620804e-06, 1.0000001111620804e-06, 1.000000082740371e-07, 1.000000082740371e-07, 1.000000082740371e-07, 1.000000082740371e-08, 1.000000082740371e-08, 1.000000082740371e-08, 1.000000082740371e-09, 1.000000082740371e-09, 1.000000082740371e-09, 1.000000082740371e-10, 1.000000082740371e-10, 1.000000082740371e-10, 1.000000082740371e-11, 1.000000082740371e-11, 1.000000082740371e-11]}, "('ResNet50', 0.001, 'weighted_cross_entropy_with_logits', 'CAM')": {"loss": [1.2353659868240356, 1.2349956035614014, 1.23499596118927, 1.2349956035614014, 1.234995722770691, 1.23499596118927], "auc": [0.41148269176483154, 0.41232073307037354, 0.41232073307037354, 0.41232073307037354, 0.41232073307037354, 0.41232073307037354], "val_loss": [1.2233015298843384, 1.2233015298843384, 1.2233015298843384, 1.2233015298843384, 1.2233015298843384, 1.2233015298843384], "val_auc": [0.4272727370262146, 0.4272727370262146, 0.4272727370262146, 0.4272727370262146, 0.4272727370262146, 0.4272727370262146], "lr": [0.0010000000474974513, 0.0010000000474974513, 0.0010000000474974513, 0.0010000000474974513, 0.00010000000474974513, 0.00010000000474974513]}, "('ResNet50', 0.001, 'weighted_cross_entropy_with_logits', 'Standard')": {"loss": [1.079050064086914, 1.0198088884353638, 1.0028632879257202, 0.9956817626953125, 0.9618328809738159, 0.96721351146698, 0.952720046043396, 0.9626534581184387, 0.949144184589386, 0.9565540552139282, 0.9433034062385559, 0.9466210007667542, 0.9495130777359009, 0.9571666121482849, 0.9511306285858154, 0.9513953328132629, 0.9538870453834534, 0.954764187335968], "auc": [0.6394799947738647, 0.7439791560173035, 0.7635030746459961, 0.7710380554199219, 0.8144505023956299, 0.8193881511688232, 0.836256206035614, 0.8258775472640991, 0.8333297371864319, 0.8336101770401001, 0.8394505381584167, 0.8443423509597778, 0.8390029072761536, 0.8329481482505798, 0.8372089862823486, 0.8313771486282349, 0.8323966264724731, 0.8327182531356812], "val_loss": [1.2323286533355713, 1.0419915914535522, 1.038008689880371, 1.0419917106628418, 1.041990041732788, 1.0194933414459229, 1.020272135734558, 1.005250096321106, 1.0035789012908936, 1.0012067556381226, 1.0014545917510986, 1.0020445585250854, 1.001830816268921, 1.0019656419754028, 1.0013277530670166, 1.0021902322769165, 1.002474308013916, 1.0020849704742432], "val_auc": [0.3906611502170563, 0.6590908765792847, 0.6714876890182495, 0.6590908765792847, 0.6590908765792847, 0.7111387252807617, 0.7212671637535095, 0.7489899396896362, 0.7538474202156067, 0.7614415884017944, 0.7681357860565186, 0.767777681350708, 0.7689898014068604, 0.7648760676383972, 0.7679798007011414, 0.7667126059532166, 0.7685306668281555, 0.7677960991859436], "lr": [0.0010000000474974513, 0.0010000000474974513, 0.0010000000474974513, 0.0010000000474974513, 0.00010000000474974513, 0.00010000000474974513, 0.00010000000474974513, 1.0000000656873453e-05, 1.0000000656873453e-05, 1.0000000656873453e-05, 1.0000001111620804e-06, 1.0000001111620804e-06, 1.0000001111620804e-06, 1.000000082740371e-07, 1.000000082740371e-07, 1.000000082740371e-07, 1.000000082740371e-08, 1.000000082740371e-08]}, "('ResNet50', 0.01, 'focal_loss_fixed', 'CAM')": {"loss": [2.1073622703552246, 2.125950574874878, 2.125950574874878, 2.1259500980377197, 2.1259500980377197, 2.125950336456299], "auc": [0.7003025412559509, 0.700782299041748, 0.700782299041748, 0.700782299041748, 0.700782299041748, 0.700782299041748], "val_loss": [2.4221677780151367, 2.4221677780151367, 2.4221677780151367, 2.4221677780151367, 2.4221677780151367, 2.4221677780151367],