{"('VGG16', 0.001, 'focal_loss_fixed', 'CAM')": {"loss": [0.2617180645465851, 0.1896526962518692, 0.16154888272285461, 0.13645687699317932, 0.11546752601861954, 0.11001470685005188, 0.10067737847566605, 0.10364610701799393, 0.10205991566181183, 0.10231127589941025, 0.10491558164358139, 0.10590425878763199, 0.11109990626573563], "auc": [0.6507613658905029, 0.7464256882667542, 0.8083268404006958, 0.8210662603378296, 0.8479841947555542, 0.8523943424224854, 0.8599798679351807, 0.8476037383079529, 0.8616164326667786, 0.8564297556877136, 0.852340042591095, 0.8590051531791687, 0.8522142171859741], "val_loss": [0.24641741812229156, 0.19125045835971832, 0.21715277433395386, 0.26211827993392944, 0.13737598061561584, 0.10832227021455765, 0.10247515887022018, 0.09839174896478653, 0.09753279387950897, 0.09796909987926483, 0.09742152690887451, 0.09730131179094315, 0.09764640033245087], "val_auc": [0.6982644200325012, 0.735573947429657, 0.7174105644226074, 0.7549127340316772, 0.7813038229942322, 0.7963636517524719, 0.8028006553649902, 0.8043984770774841, 0.8040587306022644, 0.803471028804779, 0.8038291931152344, 0.8031772375106812, 0.8036914467811584], "lr": [0.0010000000474974513, 0.0010000000474974513, 0.0010000000474974513, 0.0010000000474974513, 0.00010000000474974513, 0.00010000000474974513, 0.00010000000474974513, 1.0000000656873453e-05, 1.0000000656873453e-05, 1.0000000656873453e-05, 1.0000001111620804e-06, 1.0000001111620804e-06, 1.0000001111620804e-06]}, "('VGG16', 0.001, 'focal_loss_fixed', 'Standard')": {"loss": [0.303413450717926, 0.1898203343153, 0.1629660427570343, 0.13627222180366516, 0.1112905964255333, 0.10674155503511429, 0.09448295831680298, 0.08899796009063721, 0.09661120921373367, 0.09305881708860397, 0.09552761167287827, 0.09666819125413895, 0.08515558391809464, 0.08879740536212921], "auc": [0.636038601398468, 0.7399671077728271, 0.7504445314407349, 0.7853320837020874, 0.8118574023246765, 0.8081660866737366, 0.8280887603759766, 0.8354958891868591, 0.8211742043495178, 0.8388321399688721, 0.8189541697502136, 0.8240566253662109, 0.8477028012275696, 0.8323506116867065], "val_loss": [0.07124944776296616, 0.07013189047574997, 0.12647745013237, 0.07842263579368591, 0.08619049191474915, 0.08113829791545868, 0.09010551124811172, 0.08209457993507385, 0.08025757223367691, 0.0793912336230278, 0.08282693475484848, 0.08364079147577286, 0.08294764161109924, 0.07984980940818787], "val_auc": [0.7179521918296814, 0.7788246273994446, 0.721092700958252, 0.7974104881286621, 0.7851055860519409, 0.8015794157981873, 0.7973645925521851, 0.8023324012756348, 0.8048759698867798, 0.8042975664138794, 0.8030853867530823, 0.801037609577179, 0.8016895651817322, 0.8028099536895752], "lr": [0.0010000000474974513, 0.0010000000474974513, 0.0010000000474974513, 0.0010000000474974513, 0.00010000000474974513, 0.00010000000474974513, 0.00010000000474974513, 1.0000000656873453e-05, 1.0000000656873453e-05, 1.0000000656873453e-05, 1.0000001111620804e-06, 1.0000001111620804e-06, 1.0000001111620804e-06, 1.000000082740371e-07]}, "('VGG16', 0.001, 'weighted_cross_entropy_with_logits', 'CAM')": {"loss": [1.0115326642990112, 0.9650458097457886, 0.9448679685592651, 0.9349534511566162, 0.9235248565673828, 0.9189098477363586, 0.9186261892318726, 0.9049069881439209, 0.9079364538192749, 0.8969141840934753, 0.8898414373397827, 0.8871015310287476, 0.8867558240890503, 0.8919469118118286, 0.890099823474884, 0.8926448225975037, 0.8850748538970947, 0.8908001184463501, 0.8920811414718628, 0.8901942372322083, 0.8885030150413513, 0.890780508518219, 0.8843715786933899, 0.8856403827667236, 0.882520854473114, 0.8860530853271484, 0.8831520676612854, 0.8854610323905945, 0.8893859386444092, 0.8888567090034485, 0.8816021680831909, 0.8956509828567505, 0.8867501616477966], "auc": [0.7474213242530823, 0.8268577456474304, 0.8514079451560974, 0.8508164882659912, 0.8744248747825623, 0.8733710050582886, 0.8784628510475159, 0.8894549012184143, 0.8755415678024292, 0.8892827033996582, 0.8967204093933105, 0.9007676839828491, 0.9021683931350708, 0.8999858498573303, 0.902858555316925, 0.890852153301239, 0.9074362516403198, 0.9021806716918945, 0.8966982960700989, 0.897866427898407, 0.9003700017929077, 0.9024986624717712, 0.9023863077163696, 0.9039707183837891, 0.905512809753418, 0.899610161781311, 0.9028968214988708, 0.9047582149505615, 0.8986110687255859, 0.9022045135498047, 0.9079801440238953, 0.8959159851074219, 0.9012589454650879], "val_loss": [1.037381649017334, 1.0299144983291626, 1.03788423538208, 1.0374391078948975, 1.0144766569137573, 1.0392780303955078, 1.0229333639144897, 1.0343209505081177, 1.0303285121917725, 0.9958345293998718, 0.9841461181640625, 0.9813115000724792, 0.9772220253944397, 0.9760472178459167, 0.9754494428634644, 0.9755178689956665, 0.9751903414726257, 0.9751690626144409, 0.9751256704330444, 0.9745972752571106, 0.9745630621910095, 0.9752728939056396, 0.9750894904136658, 0.9751620888710022, 0.9750686287879944, 0.974829912185669, 0.9745693206787109, 0.9745488166809082, 0.9748659133911133, 0.9752311706542969, 0.9752025008201599, 0.9751781225204468, 0.9750078320503235], "val_auc": [0.7412948608398438, 0.7385215163230896, 0.7332047820091248, 0.6737740635871887, 0.7511386275291443, 0.6734893321990967, 0.7368686199188232, 0.7136456966400146, 0.7342883944511414, 0.7685489654541016, 0.781873345375061, 0.7883746027946472, 0.7870707511901855, 0.7933701276779175, 0.7942975759506226, 0.794095516204834, 0.7940127849578857, 0.7940954566001892, 0.793911874294281, 0.7948393225669861, 0.7949770092964172, 0.7951147556304932, 0.7953627705574036, 0.7950045466423035, 0.7938475608825684, 0.7947015762329102, 0.7953718304634094, 0.7954636812210083, 0.7943986058235168, 0.7950873374938965, 0.7950413227081299, 0.7944902777671814, 0.7954179048538208], "lr": [0.0010000000474974513, 0.0010000000474974513, 0.0010000000474974513, 0.0010000000474974513, 0.0010000000474974513, 0.0010000000474974513, 0.0010000000474974513, 0.0010000000474974513, 0.0010000000474974513, 0.00010000000474974513, 0.00010000000474974513, 0.00010000000474974513, 1.0000000656873453e-05, 1.0000000656873453e-05, 1.0000000656873453e-05, 1.0000001111620804e-06, 1.0000001111620804e-06, 1.0000001111620804e-06, 1.000000082740371e-07, 1.000000082740371e-07, 1.000000082740371e-07, 1.000000082740371e-08, 1.000000082740371e-08, 1.000000082740371e-08, 1.000000082740371e-09, 1.000000082740371e-09, 1.000000082740371e-09, 1.000000082740371e-10, 1.000000082740371e-10, 1.000000082740371e-10, 1.000000082740371e-11, 1.000000082740371e-11, 1.000000082740371e-11]}, "('VGG16', 0.001, 'weighted_cross_entropy_with_logits', 'Standard')": {"loss": [1.082201600074768, 1.0173840522766113, 0.9812590479850769, 0.9568807482719421, 0.9382248520851135, 0.9316092133522034, 0.9256579875946045, 0.9202657341957092, 0.9184185862541199, 0.91038978099823, 0.916392982006073, 0.9215807318687439, 0.9159128665924072, 0.9149060845375061, 0.9126368165016174, 0.9207282066345215, 0.9149782061576843], "auc": [0.6320099830627441, 0.7328498363494873, 0.7830832600593567, 0.8073540329933167, 0.8381067514419556, 0.847273588180542, 0.852928102016449, 0.8645622730255127, 0.852065920829773, 0.8674545884132385, 0.8668707013130188, 0.8623813986778259, 0.8674031496047974, 0.8652639985084534, 0.8706931471824646, 0.8603339791297913, 0.8678639531135559], "val_loss": [1.0853164196014404, 1.049599528312683, 1.009917974472046, 1.0298023223876953, 0.9931350350379944, 0.981941282749176, 0.9847800731658936, 0.9816257357597351, 0.9805242419242859, 0.981839656829834, 0.9815623164176941, 0.9820108413696289, 0.9814176559448242, 0.9816896319389343, 0.9819688200950623, 0.9810305237770081, 0.9811816811561584],