{"('VGG16', 0.001, 'focal_loss_fixed', 'CAM')": {"loss": [0.055755358189344406, 0.04679330810904503, 0.043431028723716736, 0.04126003384590149, 0.034185875207185745, 0.0335654653608799, 0.032774727791547775, 0.031942080706357956, 0.0317949503660202, 0.031669940799474716, 0.03159461170434952, 0.03158728405833244, 0.03157953917980194, 0.031564775854349136, 0.03156311437487602, 0.0315622016787529], "auc": [0.7573999166488647, 0.8420121073722839, 0.8640051484107971, 0.8840451240539551, 0.9356527924537659, 0.9333949685096741, 0.9376021027565002, 0.9394009113311768, 0.9421330094337463, 0.9427858591079712, 0.9439284205436707, 0.9437835812568665, 0.943639874458313, 0.9434869289398193, 0.9435638785362244, 0.9434971809387207], "val_loss": [0.058314330875873566, 0.06509770452976227, 0.07191823422908783, 0.0493507981300354, 0.05247829481959343, 0.05234532058238983, 0.05202033370733261, 0.050617437809705734, 0.050499945878982544, 0.05022621899843216, 0.05026175081729889, 0.050279825925827026, 0.05033479630947113, 0.050335075706243515, 0.050336021929979324, 0.05033799260854721], "val_auc": [0.7047107815742493, 0.7662350535392761, 0.7884664535522461, 0.8161157369613647, 0.8150046467781067, 0.8190724849700928, 0.8226538300514221, 0.8255831599235535, 0.825895369052887, 0.8261340856552124, 0.8262534141540527, 0.8261799216270447, 0.8260422348976135, 0.8260146975517273, 0.8260330557823181, 0.8259963393211365], "lr": [0.0010000000474974513, 0.0010000000474974513, 0.0010000000474974513, 0.0010000000474974513, 0.00010000000474974513, 0.00010000000474974513, 0.00010000000474974513, 1.0000000656873453e-05, 1.0000000656873453e-05, 1.0000000656873453e-05, 1.0000001111620804e-06, 1.0000001111620804e-06, 1.0000001111620804e-06, 1.000000082740371e-07, 1.000000082740371e-07, 1.000000082740371e-07]}, "('VGG16', 0.001, 'focal_loss_fixed', 'Standard')": {"loss": [0.2998730540275574, 0.1994447410106659, 0.16664935648441315, 0.12618328630924225, 0.10484862327575684, 0.08751532435417175, 0.0935434103012085, 0.09183137118816376, 0.08533971011638641, 0.0961577519774437, 0.08717788010835648, 0.08563794195652008], "auc": [0.6250980496406555, 0.7190207242965698, 0.7458906769752502, 0.7906109094619751, 0.8186567425727844, 0.8333135843276978, 0.819979190826416, 0.8301982283592224, 0.844608724117279, 0.827508270740509, 0.8446405529975891, 0.8475633263587952], "val_loss": [0.12150978296995163, 0.11935737729072571, 0.05944499373435974, 0.08233613520860672, 0.08031413704156876, 0.07175452262163162, 0.06886075437068939, 0.07003792375326157, 0.06904032081365585, 0.06967659294605255, 0.06931939721107483, 0.07023968547582626], "val_auc": [0.7306520342826843, 0.7665931582450867, 0.8111202716827393, 0.7771257758140564, 0.7752983570098877, 0.8065931797027588, 0.8192561864852905, 0.8180716037750244, 0.8187786936759949, 0.8175299167633057, 0.8184481263160706, 0.8174196481704712], "lr": [0.0010000000474974513, 0.0010000000474974513, 0.0010000000474974513, 0.0010000000474974513, 0.00010000000474974513, 0.00010000000474974513, 0.00010000000474974513, 1.0000000656873453e-05, 1.0000000656873453e-05, 1.0000000656873453e-05, 1.0000001111620804e-06, 1.0000001111620804e-06]}, "('VGG16', 0.001, 'weighted_cross_entropy_with_logits', 'CAM')": {"loss": [1.0128740072250366, 1.0093845129013062, 1.0093841552734375, 1.009384274482727, 1.009384274482727, 1.009384036064148], "auc": [0.6975563764572144, 0.700782299041748, 0.700782299041748, 0.700782299041748, 0.700782299041748, 0.700782299041748], "val_loss": [1.0419925451278687, 1.041991949081421, 1.041991949081421, 1.0419917106628418, 1.0419917106628418, 1.0419917106628418], "val_auc": [0.6590908765792847, 0.6590908765792847, 0.6590908765792847, 0.6590908765792847, 0.6590908765792847, 0.6590908765792847], "lr": [0.0010000000474974513, 0.0010000000474974513, 0.0010000000474974513, 0.0010000000474974513, 0.00010000000474974513, 0.00010000000474974513]}, "('VGG16', 0.001, 'weighted_cross_entropy_with_logits', 'Standard')": {"loss": [1.052428126335144, 1.008100152015686, 0.9824323058128357, 0.9632944464683533, 0.9476144313812256, 0.9336827397346497, 0.9163376092910767, 0.9095546007156372, 0.901871383190155, 0.8978725075721741, 0.8901885151863098, 0.902357816696167, 0.8976578116416931, 0.9085344672203064, 0.8930565118789673, 0.8989713788032532, 0.8954472541809082, 0.8975774645805359, 0.895964503288269, 0.8992775678634644, 0.9000780582427979, 0.9016910791397095], "auc": [0.6815060377120972, 0.7424300909042358, 0.7836927175521851, 0.8196511268615723, 0.8235098123550415, 0.8402997851371765, 0.8552396297454834, 0.865405797958374, 0.8675442934036255, 0.8776348829269409, 0.8790518045425415, 0.8757485747337341, 0.8783777356147766, 0.8678353428840637, 0.8782694935798645, 0.8801541328430176, 0.8738077282905579, 0.8778959512710571, 0.8752769231796265, 0.8764969706535339, 0.8778377175331116, 0.8680996298789978], "val_loss": [1.0357609987258911, 1.03386390209198, 1.0414142608642578, 1.0166702270507812, 1.012869119644165, 0.9872989654541016, 0.9799605011940002, 0.980592668056488, 0.9828789234161377, 0.9821240901947021, 0.9830531477928162, 0.9837812781333923, 0.9842363595962524, 0.9842532873153687, 0.9847041368484497, 0.9845763444900513, 0.9848116636276245, 0.9844493269920349, 0.985040545463562, 0.9843395948410034, 0.9840763807296753, 0.9840478897094727], "val_auc": [0.737887978553772, 0.7445179224014282, 0.6952617168426514, 0.7341688275337219, 0.7411386370658875, 0.7613497972488403, 0.7749311923980713, 0.7726354002952576, 0.7752617001533508, 0.7774563431739807, 0.7769696712493896, 0.7740954160690308, 0.7788612842559814, 0.7786502242088318, 0.776694118976593, 0.7784757018089294, 0.7789348363876343, 0.7780715823173523, 0.7785215973854065, 0.7785491347312927, 0.7787694334983826, 0.7787327766418457], "lr": [0.0010000000474974513, 0.0010000000474974513, 0.0010000000474974513, 0.0010000000474974513, 0.0010000000474974513, 0.0010000000474974513, 0.00010000000474974513, 0.00010000000474974513, 0.00010000000474974513, 1.0000000656873453e-05, 1.0000000656873453e-05, 1.0000000656873453e-05, 1.0000001111620804e-06, 1.0000001111620804e-06, 1.0000001111620804e-06, 1.000000082740371e-07, 1.000000082740371e-07, 1.000000082740371e-07, 1.000000082740371e-08, 1.000000082740371e-08, 1.000000082740371e-08, 1.000000082740371e-09]}, "('VGG16', 0.01, 'focal_loss_fixed', 'CAM')": {"loss": [0.0877729132771492, 0.046789076179265976, 0.04414266347885132, 0.04378478229045868, 0.035933658480644226, 0.03310011699795723, 0.0314217284321785, 0.030514106154441833, 0.03015563264489174, 0.029955308884382248, 0.029800793156027794, 0.029787559062242508, 0.029780089855194092, 0.029757890850305557, 0.029755739495158195, 0.02975521981716156, 0.02975262701511383, 0.02975247986614704, 0.02975240722298622, 0.02975216694176197, 0.029752159491181374], "auc": [0.7037255167961121, 0.8370978832244873, 0.8587497472763062, 0.8643642663955688, 0.924068033695221, 0.9325068593025208, 0.9393979907035828, 0.9441197514533997, 0.9459576606750488, 0.9464073181152344, 0.9467493891716003, 0.9468024969100952, 0.9468207955360413, 0.946903645992279, 0.9469045400619507, 0.9469202160835266, 0.9469496011734009, 0.9469491839408875, 0.9469496011734009, 0.9469500184059143, 0.9469500184059143], "val_loss": [0.05495048314332962, 0.05194344371557236, 0.05040353536605835, 0.051520250737667084, 0.05285598337650299, 0.05212469398975372, 0.052509862929582596, 0.05225498229265213, 0.05268848314881325, 0.053174231201410294, 0.05316095054149628, 0.053126197308301926, 0.053082771599292755, 0.05308099836111069, 0.053083863109350204, 0.0530787892639637, 0.05307857692241669, 0.05307862162590027, 0.05307868495583534, 0.053078651428222656, 0.05307862162590027],